{
  "fio version" : "fio-3.32",
  "timestamp" : 1665435151,
  "timestamp_ms" : 1665435151591,
  "time" : "Mon Oct 10 22:52:31 2022",
  "global options" : {
    "ioengine" : "spdk",
    "thread" : "1",
    "group_reporting" : "1",
    "direct" : "1",
    "time_based" : "1",
    "ramp_time" : "20",
    "runtime" : "300",
    "rw" : "write",
    "iodepth" : "1",
    "zonemode" : "zbd",
    "bs" : "4096",
    "initial_zone_reset" : "1"
  },
  "jobs" : [
    {
      "jobname" : "nvme5n1",
      "groupid" : 0,
      "error" : 0,
      "eta" : 0,
      "elapsed" : 321,
      "job options" : {
        "offset_increment" : "400z",
        "numjobs" : "2",
        "filename" : "trtype=PCIe traddr=0000.61.00.0 ns=1"
      },
      "read" : {
        "io_bytes" : 0,
        "io_kbytes" : 0,
        "bw_bytes" : 0,
        "bw" : 0,
        "iops" : 0.000000,
        "runtime" : 0,
        "total_ios" : 0,
        "short_ios" : 0,
        "drop_ios" : 0,
        "slat_ns" : {
          "min" : 0,
          "max" : 0,
          "mean" : 0.000000,
          "stddev" : 0.000000,
          "N" : 0
        },
        "clat_ns" : {
          "min" : 0,
          "max" : 0,
          "mean" : 0.000000,
          "stddev" : 0.000000,
          "N" : 0
        },
        "lat_ns" : {
          "min" : 0,
          "max" : 0,
          "mean" : 0.000000,
          "stddev" : 0.000000,
          "N" : 0
        },
        "bw_min" : 0,
        "bw_max" : 0,
        "bw_agg" : 0.000000,
        "bw_mean" : 0.000000,
        "bw_dev" : 0.000000,
        "bw_samples" : 0,
        "iops_min" : 0,
        "iops_max" : 0,
        "iops_mean" : 0.000000,
        "iops_stddev" : 0.000000,
        "iops_samples" : 0
      },
      "write" : {
        "io_bytes" : 184614985728,
        "io_kbytes" : 180288072,
        "bw_bytes" : 615381234,
        "bw" : 600958,
        "iops" : 150239.559201,
        "runtime" : 300001,
        "total_ios" : 45072018,
        "short_ios" : 0,
        "drop_ios" : 0,
        "slat_ns" : {
          "min" : 274,
          "max" : 18444,
          "mean" : 336.796581,
          "stddev" : 199.966822,
          "N" : 45072018
        },
        "clat_ns" : {
          "min" : 9651,
          "max" : 320523,
          "mean" : 12489.231818,
          "stddev" : 1979.733278,
          "N" : 45072018,
          "percentile" : {
            "1.000000" : 10432,
            "5.000000" : 10688,
            "10.000000" : 10816,
            "20.000000" : 11072,
            "30.000000" : 11328,
            "40.000000" : 11456,
            "50.000000" : 11712,
            "60.000000" : 12096,
            "70.000000" : 12864,
            "80.000000" : 13632,
            "90.000000" : 15296,
            "95.000000" : 16512,
            "99.000000" : 19072,
            "99.500000" : 20608,
            "99.900000" : 25984,
            "99.950000" : 27520,
            "99.990000" : 30080
          }
        },
        "lat_ns" : {
          "min" : 9997,
          "max" : 320870,
          "mean" : 12826.028398,
          "stddev" : 1989.823586,
          "N" : 45072018
        },
        "bw_min" : 595432,
        "bw_max" : 605581,
        "bw_agg" : 100.000000,
        "bw_mean" : 601139.574290,
        "bw_dev" : 1220.252003,
        "bw_samples" : 1198,
        "iops_min" : 148858,
        "iops_max" : 151395,
        "iops_mean" : 150284.774624,
        "iops_stddev" : 305.066533,
        "iops_samples" : 1198
      },
      "trim" : {
        "io_bytes" : 0,
        "io_kbytes" : 0,
        "bw_bytes" : 0,
        "bw" : 0,
        "iops" : 0.000000,
        "runtime" : 0,
        "total_ios" : 0,
        "short_ios" : 0,
        "drop_ios" : 0,
        "slat_ns" : {
          "min" : 0,
          "max" : 0,
          "mean" : 0.000000,
          "stddev" : 0.000000,
          "N" : 0
        },
        "clat_ns" : {
          "min" : 0,
          "max" : 0,
          "mean" : 0.000000,
          "stddev" : 0.000000,
          "N" : 0
        },
        "lat_ns" : {
          "min" : 0,
          "max" : 0,
          "mean" : 0.000000,
          "stddev" : 0.000000,
          "N" : 0
        },
        "bw_min" : 0,
        "bw_max" : 0,
        "bw_agg" : 0.000000,
        "bw_mean" : 0.000000,
        "bw_dev" : 0.000000,
        "bw_samples" : 0,
        "iops_min" : 0,
        "iops_max" : 0,
        "iops_mean" : 0.000000,
        "iops_stddev" : 0.000000,
        "iops_samples" : 0
      },
      "sync" : {
        "total_ios" : 0,
        "lat_ns" : {
          "min" : 0,
          "max" : 0,
          "mean" : 0.000000,
          "stddev" : 0.000000,
          "N" : 0
        }
      },
      "job_runtime" : 600000,
      "usr_cpu" : 100.000500,
      "sys_cpu" : 0.000000,
      "ctx" : 1089,
      "majf" : 0,
      "minf" : 0,
      "iodepth_level" : {
        "1" : 100.000000,
        "2" : 0.000000,
        "4" : 0.000000,
        "8" : 0.000000,
        "16" : 0.000000,
        "32" : 0.000000,
        ">=64" : 0.000000
      },
      "iodepth_submit" : {
        "0" : 0.000000,
        "4" : 100.000000,
        "8" : 0.000000,
        "16" : 0.000000,
        "32" : 0.000000,
        "64" : 0.000000,
        ">=64" : 0.000000
      },
      "iodepth_complete" : {
        "0" : 0.000000,
        "4" : 100.000000,
        "8" : 0.000000,
        "16" : 0.000000,
        "32" : 0.000000,
        "64" : 0.000000,
        ">=64" : 0.000000
      },
      "latency_ns" : {
        "2" : 0.000000,
        "4" : 0.000000,
        "10" : 0.000000,
        "20" : 0.000000,
        "50" : 0.000000,
        "100" : 0.000000,
        "250" : 0.000000,
        "500" : 0.000000,
        "750" : 0.000000,
        "1000" : 0.000000
      },
      "latency_us" : {
        "2" : 0.000000,
        "4" : 0.000000,
        "10" : 0.071907,
        "20" : 99.292144,
        "50" : 0.635747,
        "100" : 0.010000,
        "250" : 0.000000,
        "500" : 0.010000,
        "750" : 0.000000,
        "1000" : 0.000000
      },
      "latency_ms" : {
        "2" : 0.000000,
        "4" : 0.000000,
        "10" : 0.000000,
        "20" : 0.000000,
        "50" : 0.000000,
        "100" : 0.000000,
        "250" : 0.000000,
        "500" : 0.000000,
        "750" : 0.000000,
        "1000" : 0.000000,
        "2000" : 0.000000,
        ">=2000" : 0.000000
      },
      "latency_depth" : 1,
      "latency_target" : 0,
      "latency_percentile" : 100.000000,
      "latency_window" : 0
    }
  ]
}
