{
  "fio version" : "fio-3.32",
  "timestamp" : 1665434829,
  "timestamp_ms" : 1665434829883,
  "time" : "Mon Oct 10 22:47:09 2022",
  "global options" : {
    "ioengine" : "spdk",
    "thread" : "1",
    "group_reporting" : "1",
    "direct" : "1",
    "time_based" : "1",
    "ramp_time" : "20",
    "runtime" : "300",
    "rw" : "write",
    "iodepth" : "1",
    "zonemode" : "zbd",
    "bs" : "4096",
    "initial_zone_reset" : "1"
  },
  "jobs" : [
    {
      "jobname" : "nvme5n1",
      "groupid" : 0,
      "error" : 0,
      "eta" : 0,
      "elapsed" : 321,
      "job options" : {
        "offset_increment" : "400z",
        "numjobs" : "1",
        "filename" : "trtype=PCIe traddr=0000.61.00.0 ns=1"
      },
      "read" : {
        "io_bytes" : 0,
        "io_kbytes" : 0,
        "bw_bytes" : 0,
        "bw" : 0,
        "iops" : 0.000000,
        "runtime" : 0,
        "total_ios" : 0,
        "short_ios" : 0,
        "drop_ios" : 0,
        "slat_ns" : {
          "min" : 0,
          "max" : 0,
          "mean" : 0.000000,
          "stddev" : 0.000000,
          "N" : 0
        },
        "clat_ns" : {
          "min" : 0,
          "max" : 0,
          "mean" : 0.000000,
          "stddev" : 0.000000,
          "N" : 0
        },
        "lat_ns" : {
          "min" : 0,
          "max" : 0,
          "mean" : 0.000000,
          "stddev" : 0.000000,
          "N" : 0
        },
        "bw_min" : 0,
        "bw_max" : 0,
        "bw_agg" : 0.000000,
        "bw_mean" : 0.000000,
        "bw_dev" : 0.000000,
        "bw_samples" : 0,
        "iops_min" : 0,
        "iops_max" : 0,
        "iops_mean" : 0.000000,
        "iops_stddev" : 0.000000,
        "iops_samples" : 0
      },
      "write" : {
        "io_bytes" : 107553112064,
        "io_kbytes" : 105032336,
        "bw_bytes" : 358509178,
        "bw" : 350106,
        "iops" : 87526.654911,
        "runtime" : 300001,
        "total_ios" : 26258084,
        "short_ios" : 0,
        "drop_ios" : 0,
        "slat_ns" : {
          "min" : 276,
          "max" : 75699,
          "mean" : 324.923780,
          "stddev" : 104.650163,
          "N" : 26258084
        },
        "clat_ns" : {
          "min" : 9631,
          "max" : 1329131,
          "mean" : 10754.804809,
          "stddev" : 772.746810,
          "N" : 26258084,
          "percentile" : {
            "1.000000" : 10048,
            "5.000000" : 10048,
            "10.000000" : 10176,
            "20.000000" : 10304,
            "30.000000" : 10432,
            "40.000000" : 10560,
            "50.000000" : 10688,
            "60.000000" : 10816,
            "70.000000" : 10944,
            "80.000000" : 11072,
            "90.000000" : 11328,
            "95.000000" : 11584,
            "99.000000" : 12736,
            "99.500000" : 13120,
            "99.900000" : 16320,
            "99.950000" : 20608,
            "99.990000" : 25728
          }
        },
        "lat_ns" : {
          "min" : 9965,
          "max" : 1329458,
          "mean" : 11079.728589,
          "stddev" : 779.540906,
          "N" : 26258084
        },
        "bw_min" : 344968,
        "bw_max" : 352264,
        "bw_agg" : 100.000000,
        "bw_mean" : 350198.983306,
        "bw_dev" : 1970.730607,
        "bw_samples" : 599,
        "iops_min" : 86242,
        "iops_max" : 88066,
        "iops_mean" : 87549.696160,
        "iops_stddev" : 492.689100,
        "iops_samples" : 599
      },
      "trim" : {
        "io_bytes" : 0,
        "io_kbytes" : 0,
        "bw_bytes" : 0,
        "bw" : 0,
        "iops" : 0.000000,
        "runtime" : 0,
        "total_ios" : 0,
        "short_ios" : 0,
        "drop_ios" : 0,
        "slat_ns" : {
          "min" : 0,
          "max" : 0,
          "mean" : 0.000000,
          "stddev" : 0.000000,
          "N" : 0
        },
        "clat_ns" : {
          "min" : 0,
          "max" : 0,
          "mean" : 0.000000,
          "stddev" : 0.000000,
          "N" : 0
        },
        "lat_ns" : {
          "min" : 0,
          "max" : 0,
          "mean" : 0.000000,
          "stddev" : 0.000000,
          "N" : 0
        },
        "bw_min" : 0,
        "bw_max" : 0,
        "bw_agg" : 0.000000,
        "bw_mean" : 0.000000,
        "bw_dev" : 0.000000,
        "bw_samples" : 0,
        "iops_min" : 0,
        "iops_max" : 0,
        "iops_mean" : 0.000000,
        "iops_stddev" : 0.000000,
        "iops_samples" : 0
      },
      "sync" : {
        "total_ios" : 0,
        "lat_ns" : {
          "min" : 0,
          "max" : 0,
          "mean" : 0.000000,
          "stddev" : 0.000000,
          "N" : 0
        }
      },
      "job_runtime" : 300000,
      "usr_cpu" : 99.993667,
      "sys_cpu" : 0.006333,
      "ctx" : 680,
      "majf" : 0,
      "minf" : 0,
      "iodepth_level" : {
        "1" : 100.000000,
        "2" : 0.000000,
        "4" : 0.000000,
        "8" : 0.000000,
        "16" : 0.000000,
        "32" : 0.000000,
        ">=64" : 0.000000
      },
      "iodepth_submit" : {
        "0" : 0.000000,
        "4" : 100.000000,
        "8" : 0.000000,
        "16" : 0.000000,
        "32" : 0.000000,
        "64" : 0.000000,
        ">=64" : 0.000000
      },
      "iodepth_complete" : {
        "0" : 0.000000,
        "4" : 100.000000,
        "8" : 0.000000,
        "16" : 0.000000,
        "32" : 0.000000,
        "64" : 0.000000,
        ">=64" : 0.000000
      },
      "latency_ns" : {
        "2" : 0.000000,
        "4" : 0.000000,
        "10" : 0.000000,
        "20" : 0.000000,
        "50" : 0.000000,
        "100" : 0.000000,
        "250" : 0.000000,
        "500" : 0.000000,
        "750" : 0.000000,
        "1000" : 0.000000
      },
      "latency_us" : {
        "2" : 0.000000,
        "4" : 0.000000,
        "10" : 1.137893,
        "20" : 98.806394,
        "50" : 0.053488,
        "100" : 0.010000,
        "250" : 0.000000,
        "500" : 0.000000,
        "750" : 0.000000,
        "1000" : 0.000000
      },
      "latency_ms" : {
        "2" : 0.010000,
        "4" : 0.000000,
        "10" : 0.000000,
        "20" : 0.000000,
        "50" : 0.000000,
        "100" : 0.000000,
        "250" : 0.000000,
        "500" : 0.000000,
        "750" : 0.000000,
        "1000" : 0.000000,
        "2000" : 0.000000,
        ">=2000" : 0.000000
      },
      "latency_depth" : 1,
      "latency_target" : 0,
      "latency_percentile" : 100.000000,
      "latency_window" : 0
    }
  ]
}
