{
  "fio version" : "fio-3.32",
  "timestamp" : 1665437088,
  "timestamp_ms" : 1665437088672,
  "time" : "Mon Oct 10 23:24:48 2022",
  "global options" : {
    "ioengine" : "spdk",
    "thread" : "1",
    "group_reporting" : "1",
    "direct" : "1",
    "time_based" : "1",
    "ramp_time" : "20",
    "runtime" : "300",
    "rw" : "write",
    "iodepth" : "1",
    "zonemode" : "zbd",
    "bs" : "4096",
    "initial_zone_reset" : "1"
  },
  "jobs" : [
    {
      "jobname" : "nvme5n1",
      "groupid" : 0,
      "error" : 0,
      "eta" : 0,
      "elapsed" : 321,
      "job options" : {
        "offset_increment" : "400z",
        "numjobs" : "8",
        "filename" : "trtype=PCIe traddr=0000.61.00.0 ns=1"
      },
      "read" : {
        "io_bytes" : 0,
        "io_kbytes" : 0,
        "bw_bytes" : 0,
        "bw" : 0,
        "iops" : 0.000000,
        "runtime" : 0,
        "total_ios" : 0,
        "short_ios" : 0,
        "drop_ios" : 0,
        "slat_ns" : {
          "min" : 0,
          "max" : 0,
          "mean" : 0.000000,
          "stddev" : 0.000000,
          "N" : 0
        },
        "clat_ns" : {
          "min" : 0,
          "max" : 0,
          "mean" : 0.000000,
          "stddev" : 0.000000,
          "N" : 0
        },
        "lat_ns" : {
          "min" : 0,
          "max" : 0,
          "mean" : 0.000000,
          "stddev" : 0.000000,
          "N" : 0
        },
        "bw_min" : 0,
        "bw_max" : 0,
        "bw_agg" : 0.000000,
        "bw_mean" : 0.000000,
        "bw_dev" : 0.000000,
        "bw_samples" : 0,
        "iops_min" : 0,
        "iops_max" : 0,
        "iops_mean" : 0.000000,
        "iops_stddev" : 0.000000,
        "iops_samples" : 0
      },
      "write" : {
        "io_bytes" : 244860256256,
        "io_kbytes" : 239121344,
        "bw_bytes" : 816198133,
        "bw" : 797068,
        "iops" : 199267.119110,
        "runtime" : 300001,
        "total_ios" : 59780335,
        "short_ios" : 0,
        "drop_ios" : 0,
        "slat_ns" : {
          "min" : 290,
          "max" : 35771,
          "mean" : 445.467956,
          "stddev" : 199.919209,
          "N" : 59780336
        },
        "clat_ns" : {
          "min" : 11491,
          "max" : 1371856,
          "mean" : 39067.932684,
          "stddev" : 8535.348585,
          "N" : 59780335,
          "percentile" : {
            "1.000000" : 22912,
            "5.000000" : 24704,
            "10.000000" : 27776,
            "20.000000" : 31616,
            "30.000000" : 34048,
            "40.000000" : 36608,
            "50.000000" : 38656,
            "60.000000" : 41216,
            "70.000000" : 43776,
            "80.000000" : 46336,
            "90.000000" : 50432,
            "95.000000" : 53504,
            "99.000000" : 58624,
            "99.500000" : 60672,
            "99.900000" : 64768,
            "99.950000" : 66048,
            "99.990000" : 70144
          }
        },
        "lat_ns" : {
          "min" : 11873,
          "max" : 1372341,
          "mean" : 39513.400640,
          "stddev" : 8533.296030,
          "N" : 59780335
        },
        "bw_min" : 790333,
        "bw_max" : 804504,
        "bw_agg" : 100.000000,
        "bw_mean" : 797310.532554,
        "bw_dev" : 286.888582,
        "bw_samples" : 4792,
        "iops_min" : 197583,
        "iops_max" : 201126,
        "iops_mean" : 199326.913189,
        "iops_stddev" : 71.728991,
        "iops_samples" : 4792
      },
      "trim" : {
        "io_bytes" : 0,
        "io_kbytes" : 0,
        "bw_bytes" : 0,
        "bw" : 0,
        "iops" : 0.000000,
        "runtime" : 0,
        "total_ios" : 0,
        "short_ios" : 0,
        "drop_ios" : 0,
        "slat_ns" : {
          "min" : 0,
          "max" : 0,
          "mean" : 0.000000,
          "stddev" : 0.000000,
          "N" : 0
        },
        "clat_ns" : {
          "min" : 0,
          "max" : 0,
          "mean" : 0.000000,
          "stddev" : 0.000000,
          "N" : 0
        },
        "lat_ns" : {
          "min" : 0,
          "max" : 0,
          "mean" : 0.000000,
          "stddev" : 0.000000,
          "N" : 0
        },
        "bw_min" : 0,
        "bw_max" : 0,
        "bw_agg" : 0.000000,
        "bw_mean" : 0.000000,
        "bw_dev" : 0.000000,
        "bw_samples" : 0,
        "iops_min" : 0,
        "iops_max" : 0,
        "iops_mean" : 0.000000,
        "iops_stddev" : 0.000000,
        "iops_samples" : 0
      },
      "sync" : {
        "total_ios" : 0,
        "lat_ns" : {
          "min" : 0,
          "max" : 0,
          "mean" : 0.000000,
          "stddev" : 0.000000,
          "N" : 0
        }
      },
      "job_runtime" : 2400000,
      "usr_cpu" : 99.996667,
      "sys_cpu" : 0.002333,
      "ctx" : 5374,
      "majf" : 0,
      "minf" : 0,
      "iodepth_level" : {
        "1" : 100.000000,
        "2" : 0.000000,
        "4" : 0.000000,
        "8" : 0.000000,
        "16" : 0.000000,
        "32" : 0.000000,
        ">=64" : 0.000000
      },
      "iodepth_submit" : {
        "0" : 0.000000,
        "4" : 100.000000,
        "8" : 0.000000,
        "16" : 0.000000,
        "32" : 0.000000,
        "64" : 0.000000,
        ">=64" : 0.000000
      },
      "iodepth_complete" : {
        "0" : 0.000000,
        "4" : 100.000000,
        "8" : 0.000000,
        "16" : 0.000000,
        "32" : 0.000000,
        "64" : 0.000000,
        ">=64" : 0.000000
      },
      "latency_ns" : {
        "2" : 0.000000,
        "4" : 0.000000,
        "10" : 0.000000,
        "20" : 0.000000,
        "50" : 0.000000,
        "100" : 0.000000,
        "250" : 0.000000,
        "500" : 0.000000,
        "750" : 0.000000,
        "1000" : 0.000000
      },
      "latency_us" : {
        "2" : 0.000000,
        "4" : 0.000000,
        "10" : 0.000000,
        "20" : 0.083936,
        "50" : 89.117520,
        "100" : 10.798022,
        "250" : 0.010000,
        "500" : 0.010000,
        "750" : 0.010000,
        "1000" : 0.000000
      },
      "latency_ms" : {
        "2" : 0.010000,
        "4" : 0.000000,
        "10" : 0.000000,
        "20" : 0.000000,
        "50" : 0.000000,
        "100" : 0.000000,
        "250" : 0.000000,
        "500" : 0.000000,
        "750" : 0.000000,
        "1000" : 0.000000,
        "2000" : 0.000000,
        ">=2000" : 0.000000
      },
      "latency_depth" : 1,
      "latency_target" : 0,
      "latency_percentile" : 100.000000,
      "latency_window" : 0
    }
  ]
}
