{
  "fio version" : "fio-3.32",
  "timestamp" : 1665495074,
  "timestamp_ms" : 1665495074596,
  "time" : "Tue Oct 11 15:31:14 2022",
  "global options" : {
    "ioengine" : "libaio",
    "group_reporting" : "1",
    "direct" : "1",
    "time_based" : "1",
    "ramp_time" : "20",
    "runtime" : "300",
    "rw" : "read",
    "iodepth" : "1",
    "zonemode" : "zbd",
    "bs" : "4096"
  },
  "jobs" : [
    {
      "jobname" : "nvme4n2",
      "groupid" : 0,
      "error" : 0,
      "eta" : 0,
      "elapsed" : 321,
      "job options" : {
        "size" : "400z",
        "offset_increment" : "400z",
        "numjobs" : "5",
        "filename" : "/dev/nvme5n1"
      },
      "read" : {
        "io_bytes" : 213604753408,
        "io_kbytes" : 208598392,
        "bw_bytes" : 712013471,
        "bw" : 695325,
        "iops" : 173831.410562,
        "runtime" : 300001,
        "total_ios" : 52149597,
        "short_ios" : 0,
        "drop_ios" : 0,
        "slat_ns" : {
          "min" : 2039,
          "max" : 534778,
          "mean" : 4573.660113,
          "stddev" : 515.086162,
          "N" : 52149598
        },
        "clat_ns" : {
          "min" : 1419,
          "max" : 600002,
          "mean" : 50802.796821,
          "stddev" : 28722.627726,
          "N" : 52149597,
          "percentile" : {
            "1.000000" : 32384,
            "5.000000" : 32640,
            "10.000000" : 32640,
            "20.000000" : 33024,
            "30.000000" : 33024,
            "40.000000" : 33536,
            "50.000000" : 33536,
            "60.000000" : 34560,
            "70.000000" : 36608,
            "80.000000" : 86528,
            "90.000000" : 96768,
            "95.000000" : 98816,
            "99.000000" : 132096,
            "99.500000" : 140288,
            "99.900000" : 181248,
            "99.950000" : 193536,
            "99.990000" : 214016
          }
        },
        "lat_ns" : {
          "min" : 29671,
          "max" : 658682,
          "mean" : 55376.456933,
          "stddev" : 28728.942249,
          "N" : 52149597
        },
        "bw_min" : 639779,
        "bw_max" : 731851,
        "bw_agg" : 100.000000,
        "bw_mean" : 695826.308848,
        "bw_dev" : 1847.666416,
        "bw_samples" : 5990,
        "iops_min" : 159944,
        "iops_max" : 182960,
        "iops_mean" : 173955.173623,
        "iops_stddev" : 461.909934,
        "iops_samples" : 5990
      },
      "write" : {
        "io_bytes" : 0,
        "io_kbytes" : 0,
        "bw_bytes" : 0,
        "bw" : 0,
        "iops" : 0.000000,
        "runtime" : 0,
        "total_ios" : 0,
        "short_ios" : 0,
        "drop_ios" : 0,
        "slat_ns" : {
          "min" : 0,
          "max" : 0,
          "mean" : 0.000000,
          "stddev" : 0.000000,
          "N" : 0
        },
        "clat_ns" : {
          "min" : 0,
          "max" : 0,
          "mean" : 0.000000,
          "stddev" : 0.000000,
          "N" : 0
        },
        "lat_ns" : {
          "min" : 0,
          "max" : 0,
          "mean" : 0.000000,
          "stddev" : 0.000000,
          "N" : 0
        },
        "bw_min" : 0,
        "bw_max" : 0,
        "bw_agg" : 0.000000,
        "bw_mean" : 0.000000,
        "bw_dev" : 0.000000,
        "bw_samples" : 0,
        "iops_min" : 0,
        "iops_max" : 0,
        "iops_mean" : 0.000000,
        "iops_stddev" : 0.000000,
        "iops_samples" : 0
      },
      "trim" : {
        "io_bytes" : 0,
        "io_kbytes" : 0,
        "bw_bytes" : 0,
        "bw" : 0,
        "iops" : 0.000000,
        "runtime" : 0,
        "total_ios" : 0,
        "short_ios" : 0,
        "drop_ios" : 0,
        "slat_ns" : {
          "min" : 0,
          "max" : 0,
          "mean" : 0.000000,
          "stddev" : 0.000000,
          "N" : 0
        },
        "clat_ns" : {
          "min" : 0,
          "max" : 0,
          "mean" : 0.000000,
          "stddev" : 0.000000,
          "N" : 0
        },
        "lat_ns" : {
          "min" : 0,
          "max" : 0,
          "mean" : 0.000000,
          "stddev" : 0.000000,
          "N" : 0
        },
        "bw_min" : 0,
        "bw_max" : 0,
        "bw_agg" : 0.000000,
        "bw_mean" : 0.000000,
        "bw_dev" : 0.000000,
        "bw_samples" : 0,
        "iops_min" : 0,
        "iops_max" : 0,
        "iops_mean" : 0.000000,
        "iops_stddev" : 0.000000,
        "iops_samples" : 0
      },
      "sync" : {
        "total_ios" : 0,
        "lat_ns" : {
          "min" : 0,
          "max" : 0,
          "mean" : 0.000000,
          "stddev" : 0.000000,
          "N" : 0
        }
      },
      "job_runtime" : 3000000,
      "usr_cpu" : 9.934733,
      "sys_cpu" : 15.723533,
      "ctx" : 52150046,
      "majf" : 0,
      "minf" : 375,
      "iodepth_level" : {
        "1" : 100.000000,
        "2" : 0.000000,
        "4" : 0.000000,
        "8" : 0.000000,
        "16" : 0.000000,
        "32" : 0.000000,
        ">=64" : 0.000000
      },
      "iodepth_submit" : {
        "0" : 0.000000,
        "4" : 100.000000,
        "8" : 0.000000,
        "16" : 0.000000,
        "32" : 0.000000,
        "64" : 0.000000,
        ">=64" : 0.000000
      },
      "iodepth_complete" : {
        "0" : 0.000000,
        "4" : 100.000000,
        "8" : 0.000000,
        "16" : 0.000000,
        "32" : 0.000000,
        "64" : 0.000000,
        ">=64" : 0.000000
      },
      "latency_ns" : {
        "2" : 0.000000,
        "4" : 0.000000,
        "10" : 0.000000,
        "20" : 0.000000,
        "50" : 0.000000,
        "100" : 0.000000,
        "250" : 0.000000,
        "500" : 0.000000,
        "750" : 0.000000,
        "1000" : 0.000000
      },
      "latency_us" : {
        "2" : 0.010000,
        "4" : 0.010000,
        "10" : 0.010000,
        "20" : 0.010000,
        "50" : 72.155327,
        "100" : 23.723081,
        "250" : 4.117970,
        "500" : 0.010000,
        "750" : 0.010000,
        "1000" : 0.000000
      },
      "latency_ms" : {
        "2" : 0.000000,
        "4" : 0.000000,
        "10" : 0.000000,
        "20" : 0.000000,
        "50" : 0.000000,
        "100" : 0.000000,
        "250" : 0.000000,
        "500" : 0.000000,
        "750" : 0.000000,
        "1000" : 0.000000,
        "2000" : 0.000000,
        ">=2000" : 0.000000
      },
      "latency_depth" : 1,
      "latency_target" : 0,
      "latency_percentile" : 100.000000,
      "latency_window" : 0
    }
  ],
  "disk_util" : [
    {
      "name" : "nvme4n2",
      "read_ios" : 27816684,
      "write_ios" : 0,
      "read_merges" : 0,
      "write_merges" : 0,
      "read_ticks" : 1239413,
      "write_ticks" : 0,
      "in_queue" : 1239413,
      "util" : 100.000000
    },
    {
      "name" : "nvme5n1",
      "read_ios" : 27706137,
      "write_ios" : 0,
      "read_merges" : 0,
      "write_merges" : 0,
      "read_ticks" : 1241862,
      "write_ticks" : 0,
      "in_queue" : 1241862,
      "util" : 100.000000
    }
  ]
}
