{
  "fio version" : "fio-3.32-39-g0574e",
  "timestamp" : 1664480298,
  "timestamp_ms" : 1664480298414,
  "time" : "Thu Sep 29 19:38:18 2022",
  "global options" : {
    "ioengine" : "spdk",
    "thread" : "1",
    "group_reporting" : "1",
    "direct" : "1",
    "time_based" : "1",
    "ramp_time" : "5",
    "runtime" : "60",
    "rw" : "read",
    "iodepth" : "1",
    "zonemode" : "zbd",
    "bs" : "4096",
    "initial_zone_reset" : "0"
  },
  "jobs" : [
    {
      "jobname" : "nvme4n1",
      "groupid" : 0,
      "error" : 0,
      "eta" : 0,
      "elapsed" : 66,
      "job options" : {
        "offset_increment" : "128z",
        "numjobs" : "2",
        "filename" : "trtype=PCIe traddr=0000.00.08.0 ns=1"
      },
      "read" : {
        "io_bytes" : 23844777984,
        "io_kbytes" : 23285916,
        "bw_bytes" : 397406342,
        "bw" : 388092,
        "iops" : 97023.032949,
        "runtime" : 60001,
        "total_ios" : 5821479,
        "short_ios" : 0,
        "drop_ios" : 0,
        "slat_ns" : {
          "min" : 170,
          "max" : 129165,
          "mean" : 296.075230,
          "stddev" : 204.250806,
          "N" : 5821479
        },
        "clat_ns" : {
          "min" : 11301,
          "max" : 8182726,
          "mean" : 40455.741794,
          "stddev" : 24528.192782,
          "N" : 5821479,
          "percentile" : {
            "1.000000" : 15296,
            "5.000000" : 19072,
            "10.000000" : 21888,
            "20.000000" : 25984,
            "30.000000" : 29568,
            "40.000000" : 33024,
            "50.000000" : 36608,
            "60.000000" : 41216,
            "70.000000" : 45824,
            "80.000000" : 51968,
            "90.000000" : 62720,
            "95.000000" : 73216,
            "99.000000" : 99840,
            "99.500000" : 112128,
            "99.900000" : 150528,
            "99.950000" : 179200,
            "99.990000" : 536576
          }
        },
        "lat_ns" : {
          "min" : 11641,
          "max" : 8182997,
          "mean" : 40751.817024,
          "stddev" : 24547.800718,
          "N" : 5821479
        },
        "bw_min" : 309288,
        "bw_max" : 461808,
        "bw_agg" : 100.000000,
        "bw_mean" : 388177.525000,
        "bw_dev" : 7143.089136,
        "bw_samples" : 480,
        "iops_min" : 77322,
        "iops_max" : 115452,
        "iops_mean" : 97044.200000,
        "iops_stddev" : 1785.778123,
        "iops_samples" : 480
      },
      "write" : {
        "io_bytes" : 0,
        "io_kbytes" : 0,
        "bw_bytes" : 0,
        "bw" : 0,
        "iops" : 0.000000,
        "runtime" : 0,
        "total_ios" : 0,
        "short_ios" : 0,
        "drop_ios" : 0,
        "slat_ns" : {
          "min" : 0,
          "max" : 0,
          "mean" : 0.000000,
          "stddev" : 0.000000,
          "N" : 0
        },
        "clat_ns" : {
          "min" : 0,
          "max" : 0,
          "mean" : 0.000000,
          "stddev" : 0.000000,
          "N" : 0
        },
        "lat_ns" : {
          "min" : 0,
          "max" : 0,
          "mean" : 0.000000,
          "stddev" : 0.000000,
          "N" : 0
        },
        "bw_min" : 0,
        "bw_max" : 0,
        "bw_agg" : 0.000000,
        "bw_mean" : 0.000000,
        "bw_dev" : 0.000000,
        "bw_samples" : 0,
        "iops_min" : 0,
        "iops_max" : 0,
        "iops_mean" : 0.000000,
        "iops_stddev" : 0.000000,
        "iops_samples" : 0
      },
      "trim" : {
        "io_bytes" : 0,
        "io_kbytes" : 0,
        "bw_bytes" : 0,
        "bw" : 0,
        "iops" : 0.000000,
        "runtime" : 0,
        "total_ios" : 0,
        "short_ios" : 0,
        "drop_ios" : 0,
        "slat_ns" : {
          "min" : 0,
          "max" : 0,
          "mean" : 0.000000,
          "stddev" : 0.000000,
          "N" : 0
        },
        "clat_ns" : {
          "min" : 0,
          "max" : 0,
          "mean" : 0.000000,
          "stddev" : 0.000000,
          "N" : 0
        },
        "lat_ns" : {
          "min" : 0,
          "max" : 0,
          "mean" : 0.000000,
          "stddev" : 0.000000,
          "N" : 0
        },
        "bw_min" : 0,
        "bw_max" : 0,
        "bw_agg" : 0.000000,
        "bw_mean" : 0.000000,
        "bw_dev" : 0.000000,
        "bw_samples" : 0,
        "iops_min" : 0,
        "iops_max" : 0,
        "iops_mean" : 0.000000,
        "iops_stddev" : 0.000000,
        "iops_samples" : 0
      },
      "sync" : {
        "total_ios" : 0,
        "lat_ns" : {
          "min" : 0,
          "max" : 0,
          "mean" : 0.000000,
          "stddev" : 0.000000,
          "N" : 0
        }
      },
      "job_runtime" : 240000,
      "usr_cpu" : 99.862083,
      "sys_cpu" : 0.056250,
      "ctx" : 8258,
      "majf" : 0,
      "minf" : 4,
      "iodepth_level" : {
        "1" : 100.000000,
        "2" : 0.000000,
        "4" : 0.000000,
        "8" : 0.000000,
        "16" : 0.000000,
        "32" : 0.000000,
        ">=64" : 0.000000
      },
      "iodepth_submit" : {
        "0" : 0.000000,
        "4" : 100.000000,
        "8" : 0.000000,
        "16" : 0.000000,
        "32" : 0.000000,
        "64" : 0.000000,
        ">=64" : 0.000000
      },
      "iodepth_complete" : {
        "0" : 0.000000,
        "4" : 100.000000,
        "8" : 0.000000,
        "16" : 0.000000,
        "32" : 0.000000,
        "64" : 0.000000,
        ">=64" : 0.000000
      },
      "latency_ns" : {
        "2" : 0.000000,
        "4" : 0.000000,
        "10" : 0.000000,
        "20" : 0.000000,
        "50" : 0.000000,
        "100" : 0.000000,
        "250" : 0.000000,
        "500" : 0.000000,
        "750" : 0.000000,
        "1000" : 0.000000
      },
      "latency_us" : {
        "2" : 0.000000,
        "4" : 0.000000,
        "10" : 0.000000,
        "20" : 6.341327,
        "50" : 70.858248,
        "100" : 21.811571,
        "250" : 0.965305,
        "500" : 0.012866,
        "750" : 0.010000,
        "1000" : 0.010000
      },
      "latency_ms" : {
        "2" : 0.010000,
        "4" : 0.010000,
        "10" : 0.010000,
        "20" : 0.000000,
        "50" : 0.000000,
        "100" : 0.000000,
        "250" : 0.000000,
        "500" : 0.000000,
        "750" : 0.000000,
        "1000" : 0.000000,
        "2000" : 0.000000,
        ">=2000" : 0.000000
      },
      "latency_depth" : 1,
      "latency_target" : 0,
      "latency_percentile" : 100.000000,
      "latency_window" : 0
    }
  ]
}
