{
  "fio version" : "fio-3.32",
  "timestamp" : 1665495394,
  "timestamp_ms" : 1665495394968,
  "time" : "Tue Oct 11 15:36:34 2022",
  "global options" : {
    "ioengine" : "libaio",
    "group_reporting" : "1",
    "direct" : "1",
    "time_based" : "1",
    "ramp_time" : "20",
    "runtime" : "300",
    "rw" : "read",
    "iodepth" : "1",
    "zonemode" : "zbd",
    "bs" : "4096"
  },
  "jobs" : [
    {
      "jobname" : "nvme4n2",
      "groupid" : 0,
      "error" : 0,
      "eta" : 0,
      "elapsed" : 321,
      "job options" : {
        "size" : "400z",
        "offset_increment" : "400z",
        "numjobs" : "6",
        "filename" : "/dev/nvme5n1"
      },
      "read" : {
        "io_bytes" : 242824581120,
        "io_kbytes" : 237133380,
        "bw_bytes" : 809409874,
        "bw" : 790439,
        "iops" : 197609.829268,
        "runtime" : 300002,
        "total_ios" : 59283344,
        "short_ios" : 0,
        "drop_ios" : 0,
        "slat_ns" : {
          "min" : 2033,
          "max" : 535747,
          "mean" : 5134.676617,
          "stddev" : 1472.156614,
          "N" : 59283345
        },
        "clat_ns" : {
          "min" : 1380,
          "max" : 602582,
          "mean" : 53057.437112,
          "stddev" : 29771.778581,
          "N" : 59283344,
          "percentile" : {
            "1.000000" : 32128,
            "5.000000" : 32640,
            "10.000000" : 33024,
            "20.000000" : 33024,
            "30.000000" : 33536,
            "40.000000" : 34048,
            "50.000000" : 35584,
            "60.000000" : 37632,
            "70.000000" : 44800,
            "80.000000" : 87552,
            "90.000000" : 97792,
            "95.000000" : 104960,
            "99.000000" : 136192,
            "99.500000" : 144384,
            "99.900000" : 189440,
            "99.950000" : 199680,
            "99.990000" : 228352
          }
        },
        "lat_ns" : {
          "min" : 29466,
          "max" : 647889,
          "mean" : 58192.113734,
          "stddev" : 29784.587303,
          "N" : 59283344
        },
        "bw_min" : 719909,
        "bw_max" : 838680,
        "bw_agg" : 100.000000,
        "bw_mean" : 791068.353197,
        "bw_dev" : 1743.805111,
        "bw_samples" : 7192,
        "iops_min" : 179974,
        "iops_max" : 209669,
        "iops_mean" : 197765.364299,
        "iops_stddev" : 435.961440,
        "iops_samples" : 7192
      },
      "write" : {
        "io_bytes" : 0,
        "io_kbytes" : 0,
        "bw_bytes" : 0,
        "bw" : 0,
        "iops" : 0.000000,
        "runtime" : 0,
        "total_ios" : 0,
        "short_ios" : 0,
        "drop_ios" : 0,
        "slat_ns" : {
          "min" : 0,
          "max" : 0,
          "mean" : 0.000000,
          "stddev" : 0.000000,
          "N" : 0
        },
        "clat_ns" : {
          "min" : 0,
          "max" : 0,
          "mean" : 0.000000,
          "stddev" : 0.000000,
          "N" : 0
        },
        "lat_ns" : {
          "min" : 0,
          "max" : 0,
          "mean" : 0.000000,
          "stddev" : 0.000000,
          "N" : 0
        },
        "bw_min" : 0,
        "bw_max" : 0,
        "bw_agg" : 0.000000,
        "bw_mean" : 0.000000,
        "bw_dev" : 0.000000,
        "bw_samples" : 0,
        "iops_min" : 0,
        "iops_max" : 0,
        "iops_mean" : 0.000000,
        "iops_stddev" : 0.000000,
        "iops_samples" : 0
      },
      "trim" : {
        "io_bytes" : 0,
        "io_kbytes" : 0,
        "bw_bytes" : 0,
        "bw" : 0,
        "iops" : 0.000000,
        "runtime" : 0,
        "total_ios" : 0,
        "short_ios" : 0,
        "drop_ios" : 0,
        "slat_ns" : {
          "min" : 0,
          "max" : 0,
          "mean" : 0.000000,
          "stddev" : 0.000000,
          "N" : 0
        },
        "clat_ns" : {
          "min" : 0,
          "max" : 0,
          "mean" : 0.000000,
          "stddev" : 0.000000,
          "N" : 0
        },
        "lat_ns" : {
          "min" : 0,
          "max" : 0,
          "mean" : 0.000000,
          "stddev" : 0.000000,
          "N" : 0
        },
        "bw_min" : 0,
        "bw_max" : 0,
        "bw_agg" : 0.000000,
        "bw_mean" : 0.000000,
        "bw_dev" : 0.000000,
        "bw_samples" : 0,
        "iops_min" : 0,
        "iops_max" : 0,
        "iops_mean" : 0.000000,
        "iops_stddev" : 0.000000,
        "iops_samples" : 0
      },
      "sync" : {
        "total_ios" : 0,
        "lat_ns" : {
          "min" : 0,
          "max" : 0,
          "mean" : 0.000000,
          "stddev" : 0.000000,
          "N" : 0
        }
      },
      "job_runtime" : 3600001,
      "usr_cpu" : 10.747636,
      "sys_cpu" : 16.511495,
      "ctx" : 59291729,
      "majf" : 0,
      "minf" : 437,
      "iodepth_level" : {
        "1" : 100.000000,
        "2" : 0.000000,
        "4" : 0.000000,
        "8" : 0.000000,
        "16" : 0.000000,
        "32" : 0.000000,
        ">=64" : 0.000000
      },
      "iodepth_submit" : {
        "0" : 0.000000,
        "4" : 100.000000,
        "8" : 0.000000,
        "16" : 0.000000,
        "32" : 0.000000,
        "64" : 0.000000,
        ">=64" : 0.000000
      },
      "iodepth_complete" : {
        "0" : 0.000000,
        "4" : 100.000000,
        "8" : 0.000000,
        "16" : 0.000000,
        "32" : 0.000000,
        "64" : 0.000000,
        ">=64" : 0.000000
      },
      "latency_ns" : {
        "2" : 0.000000,
        "4" : 0.000000,
        "10" : 0.000000,
        "20" : 0.000000,
        "50" : 0.000000,
        "100" : 0.000000,
        "250" : 0.000000,
        "500" : 0.000000,
        "750" : 0.000000,
        "1000" : 0.000000
      },
      "latency_us" : {
        "2" : 0.010000,
        "4" : 0.010000,
        "10" : 0.010000,
        "20" : 0.010000,
        "50" : 70.918282,
        "100" : 21.523767,
        "250" : 7.550679,
        "500" : 0.010000,
        "750" : 0.010000,
        "1000" : 0.000000
      },
      "latency_ms" : {
        "2" : 0.000000,
        "4" : 0.000000,
        "10" : 0.000000,
        "20" : 0.000000,
        "50" : 0.000000,
        "100" : 0.000000,
        "250" : 0.000000,
        "500" : 0.000000,
        "750" : 0.000000,
        "1000" : 0.000000,
        "2000" : 0.000000,
        ">=2000" : 0.000000
      },
      "latency_depth" : 1,
      "latency_target" : 0,
      "latency_percentile" : 100.000000,
      "latency_window" : 0
    }
  ],
  "disk_util" : [
    {
      "name" : "nvme4n2",
      "read_ios" : 31665866,
      "write_ios" : 0,
      "read_merges" : 0,
      "write_merges" : 0,
      "read_ticks" : 1436347,
      "write_ticks" : 0,
      "in_queue" : 1436347,
      "util" : 100.000000
    },
    {
      "name" : "nvme5n1",
      "read_ios" : 31531601,
      "write_ios" : 0,
      "read_merges" : 0,
      "write_merges" : 0,
      "read_ticks" : 1439808,
      "write_ticks" : 0,
      "in_queue" : 1439808,
      "util" : 100.000000
    }
  ]
}
