{
  "fio version" : "fio-3.32",
  "timestamp" : 1665427114,
  "timestamp_ms" : 1665427114664,
  "time" : "Mon Oct 10 20:38:34 2022",
  "global options" : {
    "ioengine" : "spdk",
    "thread" : "1",
    "group_reporting" : "1",
    "direct" : "1",
    "time_based" : "1",
    "ramp_time" : "20",
    "runtime" : "300",
    "rw" : "write",
    "iodepth" : "1",
    "zonemode" : "zbd",
    "bs" : "4096",
    "initial_zone_reset" : "1"
  },
  "jobs" : [
    {
      "jobname" : "nvme5n1",
      "groupid" : 0,
      "error" : 0,
      "eta" : 0,
      "elapsed" : 321,
      "job options" : {
        "offset_increment" : "400z",
        "numjobs" : "3",
        "filename" : "trtype=PCIe traddr=0000.60.00.0 ns=2"
      },
      "read" : {
        "io_bytes" : 0,
        "io_kbytes" : 0,
        "bw_bytes" : 0,
        "bw" : 0,
        "iops" : 0.000000,
        "runtime" : 0,
        "total_ios" : 0,
        "short_ios" : 0,
        "drop_ios" : 0,
        "slat_ns" : {
          "min" : 0,
          "max" : 0,
          "mean" : 0.000000,
          "stddev" : 0.000000,
          "N" : 0
        },
        "clat_ns" : {
          "min" : 0,
          "max" : 0,
          "mean" : 0.000000,
          "stddev" : 0.000000,
          "N" : 0
        },
        "lat_ns" : {
          "min" : 0,
          "max" : 0,
          "mean" : 0.000000,
          "stddev" : 0.000000,
          "N" : 0
        },
        "bw_min" : 0,
        "bw_max" : 0,
        "bw_agg" : 0.000000,
        "bw_mean" : 0.000000,
        "bw_dev" : 0.000000,
        "bw_samples" : 0,
        "iops_min" : 0,
        "iops_max" : 0,
        "iops_mean" : 0.000000,
        "iops_stddev" : 0.000000,
        "iops_samples" : 0
      },
      "write" : {
        "io_bytes" : 430691704832,
        "io_kbytes" : 420597368,
        "bw_bytes" : 1435629445,
        "bw" : 1401981,
        "iops" : 350495.466697,
        "runtime" : 300002,
        "total_ios" : 105149341,
        "short_ios" : 0,
        "drop_ios" : 0,
        "slat_ns" : {
          "min" : 269,
          "max" : 77445,
          "mean" : 377.044285,
          "stddev" : 107.567792,
          "N" : 105149342
        },
        "clat_ns" : {
          "min" : 9784,
          "max" : 1347134,
          "mean" : 16099.695727,
          "stddev" : 3232.317444,
          "N" : 105149341,
          "percentile" : {
            "1.000000" : 10944,
            "5.000000" : 11456,
            "10.000000" : 11968,
            "20.000000" : 13376,
            "30.000000" : 14272,
            "40.000000" : 15040,
            "50.000000" : 15808,
            "60.000000" : 16512,
            "70.000000" : 17280,
            "80.000000" : 18560,
            "90.000000" : 20608,
            "95.000000" : 22144,
            "99.000000" : 24960,
            "99.500000" : 26240,
            "99.900000" : 28800,
            "99.950000" : 29824,
            "99.990000" : 32128
          }
        },
        "lat_ns" : {
          "min" : 10087,
          "max" : 1347498,
          "mean" : 16476.740012,
          "stddev" : 3233.704500,
          "N" : 105149341
        },
        "bw_min" : 1390441,
        "bw_max" : 1411567,
        "bw_agg" : 100.000000,
        "bw_mean" : 1402372.871667,
        "bw_dev" : 830.821620,
        "bw_samples" : 3600,
        "iops_min" : 347610,
        "iops_max" : 352891,
        "iops_mean" : 350592.870000,
        "iops_stddev" : 207.706343,
        "iops_samples" : 3600
      },
      "trim" : {
        "io_bytes" : 0,
        "io_kbytes" : 0,
        "bw_bytes" : 0,
        "bw" : 0,
        "iops" : 0.000000,
        "runtime" : 0,
        "total_ios" : 0,
        "short_ios" : 0,
        "drop_ios" : 0,
        "slat_ns" : {
          "min" : 0,
          "max" : 0,
          "mean" : 0.000000,
          "stddev" : 0.000000,
          "N" : 0
        },
        "clat_ns" : {
          "min" : 0,
          "max" : 0,
          "mean" : 0.000000,
          "stddev" : 0.000000,
          "N" : 0
        },
        "lat_ns" : {
          "min" : 0,
          "max" : 0,
          "mean" : 0.000000,
          "stddev" : 0.000000,
          "N" : 0
        },
        "bw_min" : 0,
        "bw_max" : 0,
        "bw_agg" : 0.000000,
        "bw_mean" : 0.000000,
        "bw_dev" : 0.000000,
        "bw_samples" : 0,
        "iops_min" : 0,
        "iops_max" : 0,
        "iops_mean" : 0.000000,
        "iops_stddev" : 0.000000,
        "iops_samples" : 0
      },
      "sync" : {
        "total_ios" : 0,
        "lat_ns" : {
          "min" : 0,
          "max" : 0,
          "mean" : 0.000000,
          "stddev" : 0.000000,
          "N" : 0
        }
      },
      "job_runtime" : 1800001,
      "usr_cpu" : 99.993611,
      "sys_cpu" : 0.006222,
      "ctx" : 2164,
      "majf" : 0,
      "minf" : 0,
      "iodepth_level" : {
        "1" : 100.000000,
        "2" : 0.000000,
        "4" : 0.000000,
        "8" : 0.000000,
        "16" : 0.000000,
        "32" : 0.000000,
        ">=64" : 0.000000
      },
      "iodepth_submit" : {
        "0" : 0.000000,
        "4" : 100.000000,
        "8" : 0.000000,
        "16" : 0.000000,
        "32" : 0.000000,
        "64" : 0.000000,
        ">=64" : 0.000000
      },
      "iodepth_complete" : {
        "0" : 0.000000,
        "4" : 100.000000,
        "8" : 0.000000,
        "16" : 0.000000,
        "32" : 0.000000,
        "64" : 0.000000,
        ">=64" : 0.000000
      },
      "latency_ns" : {
        "2" : 0.000000,
        "4" : 0.000000,
        "10" : 0.000000,
        "20" : 0.000000,
        "50" : 0.000000,
        "100" : 0.000000,
        "250" : 0.000000,
        "500" : 0.000000,
        "750" : 0.000000,
        "1000" : 0.000000
      },
      "latency_us" : {
        "2" : 0.000000,
        "4" : 0.000000,
        "10" : 0.010000,
        "20" : 87.828370,
        "50" : 12.169552,
        "100" : 0.010000,
        "250" : 0.010000,
        "500" : 0.000000,
        "750" : 0.000000,
        "1000" : 0.000000
      },
      "latency_ms" : {
        "2" : 0.010000,
        "4" : 0.000000,
        "10" : 0.000000,
        "20" : 0.000000,
        "50" : 0.000000,
        "100" : 0.000000,
        "250" : 0.000000,
        "500" : 0.000000,
        "750" : 0.000000,
        "1000" : 0.000000,
        "2000" : 0.000000,
        ">=2000" : 0.000000
      },
      "latency_depth" : 1,
      "latency_target" : 0,
      "latency_percentile" : 100.000000,
      "latency_window" : 0
    }
  ]
}
