{
  "fio version" : "fio-3.32",
  "timestamp" : 1665425994,
  "timestamp_ms" : 1665425994465,
  "time" : "Mon Oct 10 20:19:54 2022",
  "global options" : {
    "ioengine" : "spdk",
    "thread" : "1",
    "group_reporting" : "1",
    "direct" : "1",
    "time_based" : "1",
    "ramp_time" : "20",
    "runtime" : "300",
    "rw" : "write",
    "iodepth" : "1",
    "zonemode" : "zbd",
    "bs" : "4096",
    "initial_zone_reset" : "1"
  },
  "jobs" : [
    {
      "jobname" : "nvme5n1",
      "groupid" : 0,
      "error" : 0,
      "eta" : 0,
      "elapsed" : 364,
      "job options" : {
        "offset_increment" : "400z",
        "numjobs" : "8",
        "filename" : "trtype=PCIe traddr=0000.60.00.0 ns=2",
        "zone_append" : "1"
      },
      "read" : {
        "io_bytes" : 0,
        "io_kbytes" : 0,
        "bw_bytes" : 0,
        "bw" : 0,
        "iops" : 0.000000,
        "runtime" : 0,
        "total_ios" : 0,
        "short_ios" : 0,
        "drop_ios" : 0,
        "slat_ns" : {
          "min" : 0,
          "max" : 0,
          "mean" : 0.000000,
          "stddev" : 0.000000,
          "N" : 0
        },
        "clat_ns" : {
          "min" : 0,
          "max" : 0,
          "mean" : 0.000000,
          "stddev" : 0.000000,
          "N" : 0
        },
        "lat_ns" : {
          "min" : 0,
          "max" : 0,
          "mean" : 0.000000,
          "stddev" : 0.000000,
          "N" : 0
        },
        "bw_min" : 0,
        "bw_max" : 0,
        "bw_agg" : 0.000000,
        "bw_mean" : 0.000000,
        "bw_dev" : 0.000000,
        "bw_samples" : 0,
        "iops_min" : 0,
        "iops_max" : 0,
        "iops_mean" : 0.000000,
        "iops_stddev" : 0.000000,
        "iops_samples" : 0
      },
      "write" : {
        "io_bytes" : 361983389696,
        "io_kbytes" : 353499404,
        "bw_bytes" : 1206599232,
        "bw" : 1178319,
        "iops" : 294579.877535,
        "runtime" : 300003,
        "total_ios" : 88374847,
        "short_ios" : 0,
        "drop_ios" : 0,
        "slat_ns" : {
          "min" : 316,
          "max" : 46000,
          "mean" : 534.647561,
          "stddev" : 333.584876,
          "N" : 88374851
        },
        "clat_ns" : {
          "min" : 13965,
          "max" : 2911580,
          "mean" : 52413.477059,
          "stddev" : 15426.400890,
          "N" : 88374847,
          "percentile" : {
            "1.000000" : 17280,
            "5.000000" : 22656,
            "10.000000" : 29056,
            "20.000000" : 43776,
            "30.000000" : 46848,
            "40.000000" : 49408,
            "50.000000" : 52480,
            "60.000000" : 55040,
            "70.000000" : 58624,
            "80.000000" : 64768,
            "90.000000" : 71168,
            "95.000000" : 75264,
            "99.000000" : 82432,
            "99.500000" : 85504,
            "99.900000" : 175104,
            "99.950000" : 201728,
            "99.990000" : 226304
          }
        },
        "lat_ns" : {
          "min" : 14360,
          "max" : 2912118,
          "mean" : 52948.124453,
          "stddev" : 15430.945298,
          "N" : 88374847
        },
        "bw_min" : 957629,
        "bw_max" : 1857512,
        "bw_agg" : 100.000000,
        "bw_mean" : 1191813.249153,
        "bw_dev" : 19301.795567,
        "bw_samples" : 9478,
        "iops_min" : 239405,
        "iops_max" : 464378,
        "iops_mean" : 297951.833316,
        "iops_stddev" : 4825.458467,
        "iops_samples" : 9478
      },
      "trim" : {
        "io_bytes" : 0,
        "io_kbytes" : 0,
        "bw_bytes" : 0,
        "bw" : 0,
        "iops" : 0.000000,
        "runtime" : 0,
        "total_ios" : 0,
        "short_ios" : 0,
        "drop_ios" : 0,
        "slat_ns" : {
          "min" : 0,
          "max" : 0,
          "mean" : 0.000000,
          "stddev" : 0.000000,
          "N" : 0
        },
        "clat_ns" : {
          "min" : 0,
          "max" : 0,
          "mean" : 0.000000,
          "stddev" : 0.000000,
          "N" : 0
        },
        "lat_ns" : {
          "min" : 0,
          "max" : 0,
          "mean" : 0.000000,
          "stddev" : 0.000000,
          "N" : 0
        },
        "bw_min" : 0,
        "bw_max" : 0,
        "bw_agg" : 0.000000,
        "bw_mean" : 0.000000,
        "bw_dev" : 0.000000,
        "bw_samples" : 0,
        "iops_min" : 0,
        "iops_max" : 0,
        "iops_mean" : 0.000000,
        "iops_stddev" : 0.000000,
        "iops_samples" : 0
      },
      "sync" : {
        "total_ios" : 0,
        "lat_ns" : {
          "min" : 0,
          "max" : 0,
          "mean" : 0.000000,
          "stddev" : 0.000000,
          "N" : 0
        }
      },
      "job_runtime" : 4800004,
      "usr_cpu" : 98.700043,
      "sys_cpu" : 0.119646,
      "ctx" : 69947,
      "majf" : 0,
      "minf" : 0,
      "iodepth_level" : {
        "1" : 100.000000,
        "2" : 0.000000,
        "4" : 0.000000,
        "8" : 0.000000,
        "16" : 0.000000,
        "32" : 0.000000,
        ">=64" : 0.000000
      },
      "iodepth_submit" : {
        "0" : 0.000000,
        "4" : 100.000000,
        "8" : 0.000000,
        "16" : 0.000000,
        "32" : 0.000000,
        "64" : 0.000000,
        ">=64" : 0.000000
      },
      "iodepth_complete" : {
        "0" : 0.000000,
        "4" : 100.000000,
        "8" : 0.000000,
        "16" : 0.000000,
        "32" : 0.000000,
        "64" : 0.000000,
        ">=64" : 0.000000
      },
      "latency_ns" : {
        "2" : 0.000000,
        "4" : 0.000000,
        "10" : 0.000000,
        "20" : 0.000000,
        "50" : 0.000000,
        "100" : 0.000000,
        "250" : 0.000000,
        "500" : 0.000000,
        "750" : 0.000000,
        "1000" : 0.000000
      },
      "latency_us" : {
        "2" : 0.000000,
        "4" : 0.000000,
        "10" : 0.000000,
        "20" : 2.450091,
        "50" : 38.919806,
        "100" : 58.455334,
        "250" : 0.171174,
        "500" : 0.010000,
        "750" : 0.010000,
        "1000" : 0.010000
      },
      "latency_ms" : {
        "2" : 0.010000,
        "4" : 0.010000,
        "10" : 0.000000,
        "20" : 0.000000,
        "50" : 0.000000,
        "100" : 0.000000,
        "250" : 0.000000,
        "500" : 0.000000,
        "750" : 0.000000,
        "1000" : 0.000000,
        "2000" : 0.000000,
        ">=2000" : 0.000000
      },
      "latency_depth" : 1,
      "latency_target" : 0,
      "latency_percentile" : 100.000000,
      "latency_window" : 0
    }
  ]
}
