{
  "fio version" : "fio-3.32",
  "timestamp" : 1665494754,
  "timestamp_ms" : 1665494754214,
  "time" : "Tue Oct 11 15:25:54 2022",
  "global options" : {
    "ioengine" : "libaio",
    "group_reporting" : "1",
    "direct" : "1",
    "time_based" : "1",
    "ramp_time" : "20",
    "runtime" : "300",
    "rw" : "read",
    "iodepth" : "1",
    "zonemode" : "zbd",
    "bs" : "4096"
  },
  "jobs" : [
    {
      "jobname" : "nvme4n2",
      "groupid" : 0,
      "error" : 0,
      "eta" : 0,
      "elapsed" : 321,
      "job options" : {
        "size" : "400z",
        "offset_increment" : "400z",
        "numjobs" : "4",
        "filename" : "/dev/nvme5n1"
      },
      "read" : {
        "io_bytes" : 173827235840,
        "io_kbytes" : 169753160,
        "bw_bytes" : 579422188,
        "bw" : 565841,
        "iops" : 141460.488465,
        "runtime" : 300001,
        "total_ios" : 42438288,
        "short_ios" : 0,
        "drop_ios" : 0,
        "slat_ns" : {
          "min" : 1854,
          "max" : 539418,
          "mean" : 4535.189668,
          "stddev" : 442.361460,
          "N" : 42438290
        },
        "clat_ns" : {
          "min" : 1345,
          "max" : 537146,
          "mean" : 49870.464955,
          "stddev" : 27440.645500,
          "N" : 42438288,
          "percentile" : {
            "1.000000" : 32384,
            "5.000000" : 32640,
            "10.000000" : 33024,
            "20.000000" : 33024,
            "30.000000" : 33536,
            "40.000000" : 33536,
            "50.000000" : 33536,
            "60.000000" : 34048,
            "70.000000" : 35584,
            "80.000000" : 86528,
            "90.000000" : 95744,
            "95.000000" : 97792,
            "99.000000" : 128512,
            "99.500000" : 138240,
            "99.900000" : 154624,
            "99.950000" : 179200,
            "99.990000" : 201728
          }
        },
        "lat_ns" : {
          "min" : 29051,
          "max" : 663421,
          "mean" : 54405.654441,
          "stddev" : 27446.541699,
          "N" : 42438288
        },
        "bw_min" : 520147,
        "bw_max" : 589835,
        "bw_agg" : 100.000000,
        "bw_mean" : 566259.669449,
        "bw_dev" : 1527.292945,
        "bw_samples" : 4792,
        "iops_min" : 130035,
        "iops_max" : 147456,
        "iops_mean" : 141563.601002,
        "iops_stddev" : 381.810850,
        "iops_samples" : 4792
      },
      "write" : {
        "io_bytes" : 0,
        "io_kbytes" : 0,
        "bw_bytes" : 0,
        "bw" : 0,
        "iops" : 0.000000,
        "runtime" : 0,
        "total_ios" : 0,
        "short_ios" : 0,
        "drop_ios" : 0,
        "slat_ns" : {
          "min" : 0,
          "max" : 0,
          "mean" : 0.000000,
          "stddev" : 0.000000,
          "N" : 0
        },
        "clat_ns" : {
          "min" : 0,
          "max" : 0,
          "mean" : 0.000000,
          "stddev" : 0.000000,
          "N" : 0
        },
        "lat_ns" : {
          "min" : 0,
          "max" : 0,
          "mean" : 0.000000,
          "stddev" : 0.000000,
          "N" : 0
        },
        "bw_min" : 0,
        "bw_max" : 0,
        "bw_agg" : 0.000000,
        "bw_mean" : 0.000000,
        "bw_dev" : 0.000000,
        "bw_samples" : 0,
        "iops_min" : 0,
        "iops_max" : 0,
        "iops_mean" : 0.000000,
        "iops_stddev" : 0.000000,
        "iops_samples" : 0
      },
      "trim" : {
        "io_bytes" : 0,
        "io_kbytes" : 0,
        "bw_bytes" : 0,
        "bw" : 0,
        "iops" : 0.000000,
        "runtime" : 0,
        "total_ios" : 0,
        "short_ios" : 0,
        "drop_ios" : 0,
        "slat_ns" : {
          "min" : 0,
          "max" : 0,
          "mean" : 0.000000,
          "stddev" : 0.000000,
          "N" : 0
        },
        "clat_ns" : {
          "min" : 0,
          "max" : 0,
          "mean" : 0.000000,
          "stddev" : 0.000000,
          "N" : 0
        },
        "lat_ns" : {
          "min" : 0,
          "max" : 0,
          "mean" : 0.000000,
          "stddev" : 0.000000,
          "N" : 0
        },
        "bw_min" : 0,
        "bw_max" : 0,
        "bw_agg" : 0.000000,
        "bw_mean" : 0.000000,
        "bw_dev" : 0.000000,
        "bw_samples" : 0,
        "iops_min" : 0,
        "iops_max" : 0,
        "iops_mean" : 0.000000,
        "iops_stddev" : 0.000000,
        "iops_samples" : 0
      },
      "sync" : {
        "total_ios" : 0,
        "lat_ns" : {
          "min" : 0,
          "max" : 0,
          "mean" : 0.000000,
          "stddev" : 0.000000,
          "N" : 0
        }
      },
      "job_runtime" : 2400000,
      "usr_cpu" : 9.986875,
      "sys_cpu" : 16.053042,
      "ctx" : 42438547,
      "majf" : 0,
      "minf" : 292,
      "iodepth_level" : {
        "1" : 100.000000,
        "2" : 0.000000,
        "4" : 0.000000,
        "8" : 0.000000,
        "16" : 0.000000,
        "32" : 0.000000,
        ">=64" : 0.000000
      },
      "iodepth_submit" : {
        "0" : 0.000000,
        "4" : 100.000000,
        "8" : 0.000000,
        "16" : 0.000000,
        "32" : 0.000000,
        "64" : 0.000000,
        ">=64" : 0.000000
      },
      "iodepth_complete" : {
        "0" : 0.000000,
        "4" : 100.000000,
        "8" : 0.000000,
        "16" : 0.000000,
        "32" : 0.000000,
        "64" : 0.000000,
        ">=64" : 0.000000
      },
      "latency_ns" : {
        "2" : 0.000000,
        "4" : 0.000000,
        "10" : 0.000000,
        "20" : 0.000000,
        "50" : 0.000000,
        "100" : 0.000000,
        "250" : 0.000000,
        "500" : 0.000000,
        "750" : 0.000000,
        "1000" : 0.000000
      },
      "latency_us" : {
        "2" : 0.010000,
        "4" : 0.010000,
        "10" : 0.010000,
        "20" : 0.010000,
        "50" : 73.036928,
        "100" : 24.050266,
        "250" : 2.912271,
        "500" : 0.010000,
        "750" : 0.010000,
        "1000" : 0.000000
      },
      "latency_ms" : {
        "2" : 0.000000,
        "4" : 0.000000,
        "10" : 0.000000,
        "20" : 0.000000,
        "50" : 0.000000,
        "100" : 0.000000,
        "250" : 0.000000,
        "500" : 0.000000,
        "750" : 0.000000,
        "1000" : 0.000000,
        "2000" : 0.000000,
        ">=2000" : 0.000000
      },
      "latency_depth" : 1,
      "latency_target" : 0,
      "latency_percentile" : 100.000000,
      "latency_window" : 0
    }
  ],
  "disk_util" : [
    {
      "name" : "nvme4n2",
      "read_ios" : 22655896,
      "write_ios" : 0,
      "read_merges" : 0,
      "write_merges" : 0,
      "read_ticks" : 984174,
      "write_ticks" : 0,
      "in_queue" : 984174,
      "util" : 100.000000
    },
    {
      "name" : "nvme5n1",
      "read_ios" : 22550376,
      "write_ios" : 0,
      "read_merges" : 0,
      "write_merges" : 0,
      "read_ticks" : 987142,
      "write_ticks" : 0,
      "in_queue" : 987142,
      "util" : 100.000000
    }
  ]
}
