{
  "fio version" : "fio-3.32-39-g0574e",
  "timestamp" : 1664480363,
  "timestamp_ms" : 1664480363747,
  "time" : "Thu Sep 29 19:39:23 2022",
  "global options" : {
    "ioengine" : "spdk",
    "thread" : "1",
    "group_reporting" : "1",
    "direct" : "1",
    "time_based" : "1",
    "ramp_time" : "5",
    "runtime" : "60",
    "rw" : "read",
    "iodepth" : "1",
    "zonemode" : "zbd",
    "bs" : "4096",
    "initial_zone_reset" : "0"
  },
  "jobs" : [
    {
      "jobname" : "nvme4n1",
      "groupid" : 0,
      "error" : 0,
      "eta" : 0,
      "elapsed" : 66,
      "job options" : {
        "offset_increment" : "128z",
        "numjobs" : "3",
        "filename" : "trtype=PCIe traddr=0000.00.08.0 ns=1"
      },
      "read" : {
        "io_bytes" : 24092672000,
        "io_kbytes" : 23528000,
        "bw_bytes" : 401537841,
        "bw" : 392126,
        "iops" : 98031.682805,
        "runtime" : 60001,
        "total_ios" : 5881999,
        "short_ios" : 0,
        "drop_ios" : 0,
        "slat_ns" : {
          "min" : 170,
          "max" : 18090890,
          "mean" : 472.510027,
          "stddev" : 44680.093588,
          "N" : 5882000
        },
        "clat_ns" : {
          "min" : 11292,
          "max" : 21994859,
          "mean" : 59767.740813,
          "stddev" : 483761.126645,
          "N" : 5881999,
          "percentile" : {
            "1.000000" : 15296,
            "5.000000" : 19072,
            "10.000000" : 21888,
            "20.000000" : 25984,
            "30.000000" : 29312,
            "40.000000" : 32640,
            "50.000000" : 36608,
            "60.000000" : 40704,
            "70.000000" : 45312,
            "80.000000" : 51456,
            "90.000000" : 61696,
            "95.000000" : 72192,
            "99.000000" : 99840,
            "99.500000" : 115200,
            "99.900000" : 11993088,
            "99.950000" : 11993088,
            "99.990000" : 12124160
          }
        },
        "lat_ns" : {
          "min" : 11652,
          "max" : 21995119,
          "mean" : 60240.250827,
          "stddev" : 485815.280303,
          "N" : 5881999
        },
        "bw_min" : 265600,
        "bw_max" : 584392,
        "bw_agg" : 100.000000,
        "bw_mean" : 392237.663866,
        "bw_dev" : 12271.189760,
        "bw_samples" : 714,
        "iops_min" : 66400,
        "iops_max" : 146098,
        "iops_mean" : 98059.352941,
        "iops_stddev" : 3067.802872,
        "iops_samples" : 714
      },
      "write" : {
        "io_bytes" : 0,
        "io_kbytes" : 0,
        "bw_bytes" : 0,
        "bw" : 0,
        "iops" : 0.000000,
        "runtime" : 0,
        "total_ios" : 0,
        "short_ios" : 0,
        "drop_ios" : 0,
        "slat_ns" : {
          "min" : 0,
          "max" : 0,
          "mean" : 0.000000,
          "stddev" : 0.000000,
          "N" : 0
        },
        "clat_ns" : {
          "min" : 0,
          "max" : 0,
          "mean" : 0.000000,
          "stddev" : 0.000000,
          "N" : 0
        },
        "lat_ns" : {
          "min" : 0,
          "max" : 0,
          "mean" : 0.000000,
          "stddev" : 0.000000,
          "N" : 0
        },
        "bw_min" : 0,
        "bw_max" : 0,
        "bw_agg" : 0.000000,
        "bw_mean" : 0.000000,
        "bw_dev" : 0.000000,
        "bw_samples" : 0,
        "iops_min" : 0,
        "iops_max" : 0,
        "iops_mean" : 0.000000,
        "iops_stddev" : 0.000000,
        "iops_samples" : 0
      },
      "trim" : {
        "io_bytes" : 0,
        "io_kbytes" : 0,
        "bw_bytes" : 0,
        "bw" : 0,
        "iops" : 0.000000,
        "runtime" : 0,
        "total_ios" : 0,
        "short_ios" : 0,
        "drop_ios" : 0,
        "slat_ns" : {
          "min" : 0,
          "max" : 0,
          "mean" : 0.000000,
          "stddev" : 0.000000,
          "N" : 0
        },
        "clat_ns" : {
          "min" : 0,
          "max" : 0,
          "mean" : 0.000000,
          "stddev" : 0.000000,
          "N" : 0
        },
        "lat_ns" : {
          "min" : 0,
          "max" : 0,
          "mean" : 0.000000,
          "stddev" : 0.000000,
          "N" : 0
        },
        "bw_min" : 0,
        "bw_max" : 0,
        "bw_agg" : 0.000000,
        "bw_mean" : 0.000000,
        "bw_dev" : 0.000000,
        "bw_samples" : 0,
        "iops_min" : 0,
        "iops_max" : 0,
        "iops_mean" : 0.000000,
        "iops_stddev" : 0.000000,
        "iops_samples" : 0
      },
      "sync" : {
        "total_ios" : 0,
        "lat_ns" : {
          "min" : 0,
          "max" : 0,
          "mean" : 0.000000,
          "stddev" : 0.000000,
          "N" : 0
        }
      },
      "job_runtime" : 360000,
      "usr_cpu" : 66.256667,
      "sys_cpu" : 0.033889,
      "ctx" : 36965,
      "majf" : 0,
      "minf" : 4,
      "iodepth_level" : {
        "1" : 100.000000,
        "2" : 0.000000,
        "4" : 0.000000,
        "8" : 0.000000,
        "16" : 0.000000,
        "32" : 0.000000,
        ">=64" : 0.000000
      },
      "iodepth_submit" : {
        "0" : 0.000000,
        "4" : 100.000000,
        "8" : 0.000000,
        "16" : 0.000000,
        "32" : 0.000000,
        "64" : 0.000000,
        ">=64" : 0.000000
      },
      "iodepth_complete" : {
        "0" : 0.000000,
        "4" : 100.000000,
        "8" : 0.000000,
        "16" : 0.000000,
        "32" : 0.000000,
        "64" : 0.000000,
        ">=64" : 0.000000
      },
      "latency_ns" : {
        "2" : 0.000000,
        "4" : 0.000000,
        "10" : 0.000000,
        "20" : 0.000000,
        "50" : 0.000000,
        "100" : 0.000000,
        "250" : 0.000000,
        "500" : 0.000000,
        "750" : 0.000000,
        "1000" : 0.000000
      },
      "latency_us" : {
        "2" : 0.000000,
        "4" : 0.000000,
        "10" : 0.000000,
        "20" : 6.346227,
        "50" : 71.752324,
        "100" : 20.933751,
        "250" : 0.782013,
        "500" : 0.010000,
        "750" : 0.010000,
        "1000" : 0.010000
      },
      "latency_ms" : {
        "2" : 0.010000,
        "4" : 0.010000,
        "10" : 0.015182,
        "20" : 0.156919,
        "50" : 0.010000,
        "100" : 0.000000,
        "250" : 0.000000,
        "500" : 0.000000,
        "750" : 0.000000,
        "1000" : 0.000000,
        "2000" : 0.000000,
        ">=2000" : 0.000000
      },
      "latency_depth" : 1,
      "latency_target" : 0,
      "latency_percentile" : 100.000000,
      "latency_window" : 0
    }
  ]
}
