{
  "fio version" : "fio-3.32-39-g0574e",
  "timestamp" : 1664477038,
  "timestamp_ms" : 1664477038411,
  "time" : "Thu Sep 29 18:43:58 2022",
  "global options" : {
    "ioengine" : "libaio",
    "thread" : "1",
    "group_reporting" : "1",
    "direct" : "1",
    "time_based" : "1",
    "ramp_time" : "5",
    "runtime" : "60",
    "size" : "128z",
    "rw" : "read",
    "iodepth" : "1",
    "zonemode" : "zbd",
    "bs" : "4096"
  },
  "jobs" : [
    {
      "jobname" : "nvme4n1",
      "groupid" : 0,
      "error" : 0,
      "eta" : 0,
      "elapsed" : 66,
      "job options" : {
        "offset_increment" : "128z",
        "numjobs" : "4",
        "filename" : "/dev/nvme5n1"
      },
      "read" : {
        "io_bytes" : 18828161024,
        "io_kbytes" : 18386876,
        "bw_bytes" : 313797453,
        "bw" : 306442,
        "iops" : 76610.639823,
        "runtime" : 60001,
        "total_ios" : 4596715,
        "short_ios" : 0,
        "drop_ios" : 0,
        "slat_ns" : {
          "min" : 3947,
          "max" : 1880950,
          "mean" : 44595.928556,
          "stddev" : 45009.733214,
          "N" : 4596719
        },
        "clat_ns" : {
          "min" : 321,
          "max" : 1866444,
          "mean" : 58926.883583,
          "stddev" : 47921.251679,
          "N" : 4596715,
          "percentile" : {
            "1.000000" : 370,
            "5.000000" : 402,
            "10.000000" : 548,
            "20.000000" : 764,
            "30.000000" : 29312,
            "40.000000" : 45312,
            "50.000000" : 58624,
            "60.000000" : 71168,
            "70.000000" : 84480,
            "80.000000" : 98816,
            "90.000000" : 120320,
            "95.000000" : 140288,
            "99.000000" : 183296,
            "99.500000" : 201728,
            "99.900000" : 242688,
            "99.950000" : 264192,
            "99.990000" : 321536
          }
        },
        "lat_ns" : {
          "min" : 18165,
          "max" : 1881932,
          "mean" : 103522.816620,
          "stddev" : 40986.936505,
          "N" : 4596715
        },
        "bw_min" : 241243,
        "bw_max" : 367043,
        "bw_agg" : 100.000000,
        "bw_mean" : 306503.664216,
        "bw_dev" : 3437.189506,
        "bw_samples" : 957,
        "iops_min" : 60310,
        "iops_max" : 91760,
        "iops_mean" : 76625.044538,
        "iops_stddev" : 859.303042,
        "iops_samples" : 957
      },
      "write" : {
        "io_bytes" : 0,
        "io_kbytes" : 0,
        "bw_bytes" : 0,
        "bw" : 0,
        "iops" : 0.000000,
        "runtime" : 0,
        "total_ios" : 0,
        "short_ios" : 0,
        "drop_ios" : 0,
        "slat_ns" : {
          "min" : 0,
          "max" : 0,
          "mean" : 0.000000,
          "stddev" : 0.000000,
          "N" : 0
        },
        "clat_ns" : {
          "min" : 0,
          "max" : 0,
          "mean" : 0.000000,
          "stddev" : 0.000000,
          "N" : 0
        },
        "lat_ns" : {
          "min" : 0,
          "max" : 0,
          "mean" : 0.000000,
          "stddev" : 0.000000,
          "N" : 0
        },
        "bw_min" : 0,
        "bw_max" : 0,
        "bw_agg" : 0.000000,
        "bw_mean" : 0.000000,
        "bw_dev" : 0.000000,
        "bw_samples" : 0,
        "iops_min" : 0,
        "iops_max" : 0,
        "iops_mean" : 0.000000,
        "iops_stddev" : 0.000000,
        "iops_samples" : 0
      },
      "trim" : {
        "io_bytes" : 0,
        "io_kbytes" : 0,
        "bw_bytes" : 0,
        "bw" : 0,
        "iops" : 0.000000,
        "runtime" : 0,
        "total_ios" : 0,
        "short_ios" : 0,
        "drop_ios" : 0,
        "slat_ns" : {
          "min" : 0,
          "max" : 0,
          "mean" : 0.000000,
          "stddev" : 0.000000,
          "N" : 0
        },
        "clat_ns" : {
          "min" : 0,
          "max" : 0,
          "mean" : 0.000000,
          "stddev" : 0.000000,
          "N" : 0
        },
        "lat_ns" : {
          "min" : 0,
          "max" : 0,
          "mean" : 0.000000,
          "stddev" : 0.000000,
          "N" : 0
        },
        "bw_min" : 0,
        "bw_max" : 0,
        "bw_agg" : 0.000000,
        "bw_mean" : 0.000000,
        "bw_dev" : 0.000000,
        "bw_samples" : 0,
        "iops_min" : 0,
        "iops_max" : 0,
        "iops_mean" : 0.000000,
        "iops_stddev" : 0.000000,
        "iops_samples" : 0
      },
      "sync" : {
        "total_ios" : 0,
        "lat_ns" : {
          "min" : 0,
          "max" : 0,
          "mean" : 0.000000,
          "stddev" : 0.000000,
          "N" : 0
        }
      },
      "job_runtime" : 480000,
      "usr_cpu" : 2.110000,
      "sys_cpu" : 38.608125,
      "ctx" : 4062879,
      "majf" : 0,
      "minf" : 0,
      "iodepth_level" : {
        "1" : 100.000000,
        "2" : 0.000000,
        "4" : 0.000000,
        "8" : 0.000000,
        "16" : 0.000000,
        "32" : 0.000000,
        ">=64" : 0.000000
      },
      "iodepth_submit" : {
        "0" : 0.000000,
        "4" : 100.000000,
        "8" : 0.000000,
        "16" : 0.000000,
        "32" : 0.000000,
        "64" : 0.000000,
        ">=64" : 0.000000
      },
      "iodepth_complete" : {
        "0" : 0.000000,
        "4" : 100.000000,
        "8" : 0.000000,
        "16" : 0.000000,
        "32" : 0.000000,
        "64" : 0.000000,
        ">=64" : 0.000000
      },
      "latency_ns" : {
        "2" : 0.000000,
        "4" : 0.000000,
        "10" : 0.000000,
        "20" : 0.000000,
        "50" : 0.000000,
        "100" : 0.000000,
        "250" : 0.000000,
        "500" : 7.938473,
        "750" : 11.802472,
        "1000" : 4.802299
      },
      "latency_us" : {
        "2" : 2.465565,
        "4" : 0.017360,
        "10" : 0.114712,
        "20" : 0.573475,
        "50" : 15.680089,
        "100" : 37.348063,
        "250" : 19.177587,
        "500" : 0.078034,
        "750" : 0.010000,
        "1000" : 0.010000
      },
      "latency_ms" : {
        "2" : 0.010000,
        "4" : 0.000000,
        "10" : 0.000000,
        "20" : 0.000000,
        "50" : 0.000000,
        "100" : 0.000000,
        "250" : 0.000000,
        "500" : 0.000000,
        "750" : 0.000000,
        "1000" : 0.000000,
        "2000" : 0.000000,
        ">=2000" : 0.000000
      },
      "latency_depth" : 1,
      "latency_target" : 0,
      "latency_percentile" : 100.000000,
      "latency_window" : 0
    }
  ],
  "disk_util" : [
    {
      "name" : "nvme4n1",
      "read_ios" : 2479170,
      "write_ios" : 0,
      "read_merges" : 0,
      "write_merges" : 0,
      "read_ticks" : 198678,
      "write_ticks" : 0,
      "in_queue" : 198678,
      "util" : 99.906248
    },
    {
      "name" : "nvme5n1",
      "read_ios" : 2491911,
      "write_ios" : 0,
      "read_merges" : 0,
      "write_merges" : 0,
      "read_ticks" : 198473,
      "write_ticks" : 0,
      "in_queue" : 198473,
      "util" : 99.910854
    }
  ]
}
