{
  "fio version" : "fio-3.32",
  "timestamp" : 1665429536,
  "timestamp_ms" : 1665429536399,
  "time" : "Mon Oct 10 21:18:56 2022",
  "global options" : {
    "ioengine" : "libaio",
    "thread" : "1",
    "group_reporting" : "1",
    "direct" : "1",
    "time_based" : "1",
    "ramp_time" : "20",
    "runtime" : "300",
    "rw" : "write",
    "iodepth" : "1",
    "zonemode" : "zbd",
    "bs" : "4096"
  },
  "jobs" : [
    {
      "jobname" : "nvme5n1",
      "groupid" : 0,
      "error" : 0,
      "eta" : 0,
      "elapsed" : 321,
      "job options" : {
        "offset_increment" : "400z",
        "numjobs" : "2",
        "filename" : "/dev/nvme4n2"
      },
      "read" : {
        "io_bytes" : 0,
        "io_kbytes" : 0,
        "bw_bytes" : 0,
        "bw" : 0,
        "iops" : 0.000000,
        "runtime" : 0,
        "total_ios" : 0,
        "short_ios" : 0,
        "drop_ios" : 0,
        "slat_ns" : {
          "min" : 0,
          "max" : 0,
          "mean" : 0.000000,
          "stddev" : 0.000000,
          "N" : 0
        },
        "clat_ns" : {
          "min" : 0,
          "max" : 0,
          "mean" : 0.000000,
          "stddev" : 0.000000,
          "N" : 0
        },
        "lat_ns" : {
          "min" : 0,
          "max" : 0,
          "mean" : 0.000000,
          "stddev" : 0.000000,
          "N" : 0
        },
        "bw_min" : 0,
        "bw_max" : 0,
        "bw_agg" : 0.000000,
        "bw_mean" : 0.000000,
        "bw_dev" : 0.000000,
        "bw_samples" : 0,
        "iops_min" : 0,
        "iops_max" : 0,
        "iops_mean" : 0.000000,
        "iops_stddev" : 0.000000,
        "iops_samples" : 0
      },
      "write" : {
        "io_bytes" : 175027929088,
        "io_kbytes" : 170925712,
        "bw_bytes" : 583424485,
        "bw" : 569750,
        "iops" : 142437.611875,
        "runtime" : 300001,
        "total_ios" : 42731426,
        "short_ios" : 0,
        "drop_ios" : 0,
        "slat_ns" : {
          "min" : 2013,
          "max" : 538311,
          "mean" : 4810.304601,
          "stddev" : 402.497500,
          "N" : 42731428
        },
        "clat_ns" : {
          "min" : 1321,
          "max" : 1336344,
          "mean" : 20728.531317,
          "stddev" : 1123.141253,
          "N" : 42731426,
          "percentile" : {
            "1.000000" : 17280,
            "5.000000" : 19840,
            "10.000000" : 20096,
            "20.000000" : 20352,
            "30.000000" : 20352,
            "40.000000" : 20608,
            "50.000000" : 20608,
            "60.000000" : 20864,
            "70.000000" : 20864,
            "80.000000" : 21120,
            "90.000000" : 21376,
            "95.000000" : 22144,
            "99.000000" : 24448,
            "99.500000" : 25472,
            "99.900000" : 28032,
            "99.950000" : 29056,
            "99.990000" : 30848
          }
        },
        "lat_ns" : {
          "min" : 16896,
          "max" : 1341130,
          "mean" : 25538.835910,
          "stddev" : 1286.567804,
          "N" : 42731426
        },
        "bw_min" : 557427,
        "bw_max" : 708344,
        "bw_agg" : 100.000000,
        "bw_mean" : 570178.545910,
        "bw_dev" : 4985.379355,
        "bw_samples" : 2396,
        "iops_min" : 139356,
        "iops_max" : 177084,
        "iops_mean" : 142544.053422,
        "iops_stddev" : 1246.340221,
        "iops_samples" : 2396
      },
      "trim" : {
        "io_bytes" : 0,
        "io_kbytes" : 0,
        "bw_bytes" : 0,
        "bw" : 0,
        "iops" : 0.000000,
        "runtime" : 0,
        "total_ios" : 0,
        "short_ios" : 0,
        "drop_ios" : 0,
        "slat_ns" : {
          "min" : 0,
          "max" : 0,
          "mean" : 0.000000,
          "stddev" : 0.000000,
          "N" : 0
        },
        "clat_ns" : {
          "min" : 0,
          "max" : 0,
          "mean" : 0.000000,
          "stddev" : 0.000000,
          "N" : 0
        },
        "lat_ns" : {
          "min" : 0,
          "max" : 0,
          "mean" : 0.000000,
          "stddev" : 0.000000,
          "N" : 0
        },
        "bw_min" : 0,
        "bw_max" : 0,
        "bw_agg" : 0.000000,
        "bw_mean" : 0.000000,
        "bw_dev" : 0.000000,
        "bw_samples" : 0,
        "iops_min" : 0,
        "iops_max" : 0,
        "iops_mean" : 0.000000,
        "iops_stddev" : 0.000000,
        "iops_samples" : 0
      },
      "sync" : {
        "total_ios" : 0,
        "lat_ns" : {
          "min" : 0,
          "max" : 0,
          "mean" : 0.000000,
          "stddev" : 0.000000,
          "N" : 0
        }
      },
      "job_runtime" : 1200000,
      "usr_cpu" : 22.641167,
      "sys_cpu" : 32.508583,
      "ctx" : 42731562,
      "majf" : 0,
      "minf" : 0,
      "iodepth_level" : {
        "1" : 100.000000,
        "2" : 0.000000,
        "4" : 0.000000,
        "8" : 0.000000,
        "16" : 0.000000,
        "32" : 0.000000,
        ">=64" : 0.000000
      },
      "iodepth_submit" : {
        "0" : 0.000000,
        "4" : 100.000000,
        "8" : 0.000000,
        "16" : 0.000000,
        "32" : 0.000000,
        "64" : 0.000000,
        ">=64" : 0.000000
      },
      "iodepth_complete" : {
        "0" : 0.000000,
        "4" : 100.000000,
        "8" : 0.000000,
        "16" : 0.000000,
        "32" : 0.000000,
        "64" : 0.000000,
        ">=64" : 0.000000
      },
      "latency_ns" : {
        "2" : 0.000000,
        "4" : 0.000000,
        "10" : 0.000000,
        "20" : 0.000000,
        "50" : 0.000000,
        "100" : 0.000000,
        "250" : 0.000000,
        "500" : 0.000000,
        "750" : 0.000000,
        "1000" : 0.000000
      },
      "latency_us" : {
        "2" : 0.010000,
        "4" : 0.010000,
        "10" : 0.010000,
        "20" : 6.716251,
        "50" : 93.282438,
        "100" : 0.010000,
        "250" : 0.010000,
        "500" : 0.010000,
        "750" : 0.010000,
        "1000" : 0.000000
      },
      "latency_ms" : {
        "2" : 0.010000,
        "4" : 0.000000,
        "10" : 0.000000,
        "20" : 0.000000,
        "50" : 0.000000,
        "100" : 0.000000,
        "250" : 0.000000,
        "500" : 0.000000,
        "750" : 0.000000,
        "1000" : 0.000000,
        "2000" : 0.000000,
        ">=2000" : 0.000000
      },
      "latency_depth" : 1,
      "latency_target" : 0,
      "latency_percentile" : 100.000000,
      "latency_window" : 0
    }
  ],
  "disk_util" : [
    {
      "name" : "nvme5n1",
      "read_ios" : 48,
      "write_ios" : 22899981,
      "read_merges" : 0,
      "write_merges" : 0,
      "read_ticks" : 1,
      "write_ticks" : 329029,
      "in_queue" : 329030,
      "util" : 100.000000
    },
    {
      "name" : "nvme4n2",
      "read_ios" : 99,
      "write_ios" : 22754663,
      "read_merges" : 0,
      "write_merges" : 0,
      "read_ticks" : 2,
      "write_ticks" : 328213,
      "in_queue" : 328215,
      "util" : 100.000000
    }
  ]
}
