{
  "fio version" : "fio-3.32-39-g0574e",
  "timestamp" : 1664476907,
  "timestamp_ms" : 1664476907921,
  "time" : "Thu Sep 29 18:41:47 2022",
  "global options" : {
    "ioengine" : "libaio",
    "thread" : "1",
    "group_reporting" : "1",
    "direct" : "1",
    "time_based" : "1",
    "ramp_time" : "5",
    "runtime" : "60",
    "size" : "128z",
    "rw" : "read",
    "iodepth" : "1",
    "zonemode" : "zbd",
    "bs" : "4096"
  },
  "jobs" : [
    {
      "jobname" : "nvme4n1",
      "groupid" : 0,
      "error" : 0,
      "eta" : 0,
      "elapsed" : 66,
      "job options" : {
        "offset_increment" : "128z",
        "numjobs" : "2",
        "filename" : "/dev/nvme5n1"
      },
      "read" : {
        "io_bytes" : 19552215040,
        "io_kbytes" : 19093960,
        "bw_bytes" : 325870250,
        "bw" : 318232,
        "iops" : 79558.150000,
        "runtime" : 60000,
        "total_ios" : 4773489,
        "short_ios" : 0,
        "drop_ios" : 0,
        "slat_ns" : {
          "min" : 4087,
          "max" : 1105626,
          "mean" : 14880.208543,
          "stddev" : 10771.719572,
          "N" : 4773490
        },
        "clat_ns" : {
          "min" : 330,
          "max" : 1141584,
          "mean" : 34725.888839,
          "stddev" : 11533.444847,
          "N" : 4773489,
          "percentile" : {
            "1.000000" : 17536,
            "5.000000" : 20864,
            "10.000000" : 22912,
            "20.000000" : 25728,
            "30.000000" : 28032,
            "40.000000" : 30336,
            "50.000000" : 32384,
            "60.000000" : 35072,
            "70.000000" : 38656,
            "80.000000" : 42752,
            "90.000000" : 49408,
            "95.000000" : 55552,
            "99.000000" : 70144,
            "99.500000" : 77312,
            "99.900000" : 96768,
            "99.950000" : 105984,
            "99.990000" : 134144
          }
        },
        "lat_ns" : {
          "min" : 17012,
          "max" : 1149630,
          "mean" : 49606.093116,
          "stddev" : 16015.391079,
          "N" : 4773489
        },
        "bw_min" : 272592,
        "bw_max" : 369544,
        "bw_agg" : 100.000000,
        "bw_mean" : 318261.743768,
        "bw_dev" : 4879.893778,
        "bw_samples" : 478,
        "iops_min" : 68148,
        "iops_max" : 92386,
        "iops_mean" : 79565.117997,
        "iops_stddev" : 1219.975408,
        "iops_samples" : 478
      },
      "write" : {
        "io_bytes" : 0,
        "io_kbytes" : 0,
        "bw_bytes" : 0,
        "bw" : 0,
        "iops" : 0.000000,
        "runtime" : 0,
        "total_ios" : 0,
        "short_ios" : 0,
        "drop_ios" : 0,
        "slat_ns" : {
          "min" : 0,
          "max" : 0,
          "mean" : 0.000000,
          "stddev" : 0.000000,
          "N" : 0
        },
        "clat_ns" : {
          "min" : 0,
          "max" : 0,
          "mean" : 0.000000,
          "stddev" : 0.000000,
          "N" : 0
        },
        "lat_ns" : {
          "min" : 0,
          "max" : 0,
          "mean" : 0.000000,
          "stddev" : 0.000000,
          "N" : 0
        },
        "bw_min" : 0,
        "bw_max" : 0,
        "bw_agg" : 0.000000,
        "bw_mean" : 0.000000,
        "bw_dev" : 0.000000,
        "bw_samples" : 0,
        "iops_min" : 0,
        "iops_max" : 0,
        "iops_mean" : 0.000000,
        "iops_stddev" : 0.000000,
        "iops_samples" : 0
      },
      "trim" : {
        "io_bytes" : 0,
        "io_kbytes" : 0,
        "bw_bytes" : 0,
        "bw" : 0,
        "iops" : 0.000000,
        "runtime" : 0,
        "total_ios" : 0,
        "short_ios" : 0,
        "drop_ios" : 0,
        "slat_ns" : {
          "min" : 0,
          "max" : 0,
          "mean" : 0.000000,
          "stddev" : 0.000000,
          "N" : 0
        },
        "clat_ns" : {
          "min" : 0,
          "max" : 0,
          "mean" : 0.000000,
          "stddev" : 0.000000,
          "N" : 0
        },
        "lat_ns" : {
          "min" : 0,
          "max" : 0,
          "mean" : 0.000000,
          "stddev" : 0.000000,
          "N" : 0
        },
        "bw_min" : 0,
        "bw_max" : 0,
        "bw_agg" : 0.000000,
        "bw_mean" : 0.000000,
        "bw_dev" : 0.000000,
        "bw_samples" : 0,
        "iops_min" : 0,
        "iops_max" : 0,
        "iops_mean" : 0.000000,
        "iops_stddev" : 0.000000,
        "iops_samples" : 0
      },
      "sync" : {
        "total_ios" : 0,
        "lat_ns" : {
          "min" : 0,
          "max" : 0,
          "mean" : 0.000000,
          "stddev" : 0.000000,
          "N" : 0
        }
      },
      "job_runtime" : 240000,
      "usr_cpu" : 5.512083,
      "sys_cpu" : 35.320000,
      "ctx" : 4768135,
      "majf" : 0,
      "minf" : 0,
      "iodepth_level" : {
        "1" : 100.000000,
        "2" : 0.000000,
        "4" : 0.000000,
        "8" : 0.000000,
        "16" : 0.000000,
        "32" : 0.000000,
        ">=64" : 0.000000
      },
      "iodepth_submit" : {
        "0" : 0.000000,
        "4" : 100.000000,
        "8" : 0.000000,
        "16" : 0.000000,
        "32" : 0.000000,
        "64" : 0.000000,
        ">=64" : 0.000000
      },
      "iodepth_complete" : {
        "0" : 0.000000,
        "4" : 100.000000,
        "8" : 0.000000,
        "16" : 0.000000,
        "32" : 0.000000,
        "64" : 0.000000,
        ">=64" : 0.000000
      },
      "latency_ns" : {
        "2" : 0.000000,
        "4" : 0.000000,
        "10" : 0.000000,
        "20" : 0.000000,
        "50" : 0.000000,
        "100" : 0.000000,
        "250" : 0.000000,
        "500" : 0.022395,
        "750" : 0.137216,
        "1000" : 0.018791
      },
      "latency_us" : {
        "2" : 0.010000,
        "4" : 0.010000,
        "10" : 0.010000,
        "20" : 3.472638,
        "50" : 87.227854,
        "100" : 9.033434,
        "250" : 0.074914,
        "500" : 0.010000,
        "750" : 0.010000,
        "1000" : 0.010000
      },
      "latency_ms" : {
        "2" : 0.010000,
        "4" : 0.000000,
        "10" : 0.000000,
        "20" : 0.000000,
        "50" : 0.000000,
        "100" : 0.000000,
        "250" : 0.000000,
        "500" : 0.000000,
        "750" : 0.000000,
        "1000" : 0.000000,
        "2000" : 0.000000,
        ">=2000" : 0.000000
      },
      "latency_depth" : 1,
      "latency_target" : 0,
      "latency_percentile" : 100.000000,
      "latency_window" : 0
    }
  ],
  "disk_util" : [
    {
      "name" : "nvme4n1",
      "read_ios" : 2575774,
      "write_ios" : 0,
      "read_merges" : 0,
      "write_merges" : 0,
      "read_ticks" : 111049,
      "write_ticks" : 0,
      "in_queue" : 111049,
      "util" : 99.887825
    },
    {
      "name" : "nvme5n1",
      "read_ios" : 2582789,
      "write_ios" : 0,
      "read_merges" : 0,
      "write_merges" : 0,
      "read_ticks" : 111413,
      "write_ticks" : 0,
      "in_queue" : 111413,
      "util" : 99.892430
    }
  ]
}
