{
  "fio version" : "fio-3.32",
  "timestamp" : 1665494113,
  "timestamp_ms" : 1665494113442,
  "time" : "Tue Oct 11 15:15:13 2022",
  "global options" : {
    "ioengine" : "libaio",
    "group_reporting" : "1",
    "direct" : "1",
    "time_based" : "1",
    "ramp_time" : "20",
    "runtime" : "300",
    "rw" : "read",
    "iodepth" : "1",
    "zonemode" : "zbd",
    "bs" : "4096"
  },
  "jobs" : [
    {
      "jobname" : "nvme4n2",
      "groupid" : 0,
      "error" : 0,
      "eta" : 0,
      "elapsed" : 321,
      "job options" : {
        "size" : "400z",
        "offset_increment" : "400z",
        "numjobs" : "2",
        "filename" : "/dev/nvme5n1"
      },
      "read" : {
        "io_bytes" : 89354260480,
        "io_kbytes" : 87260020,
        "bw_bytes" : 297846542,
        "bw" : 290865,
        "iops" : 72716.437612,
        "runtime" : 300001,
        "total_ios" : 21815004,
        "short_ios" : 0,
        "drop_ios" : 0,
        "slat_ns" : {
          "min" : 1730,
          "max" : 192052,
          "mean" : 4540.831132,
          "stddev" : 320.528462,
          "N" : 21815005
        },
        "clat_ns" : {
          "min" : 1305,
          "max" : 556138,
          "mean" : 48423.598964,
          "stddev" : 25899.155160,
          "N" : 21815004,
          "percentile" : {
            "1.000000" : 32384,
            "5.000000" : 32640,
            "10.000000" : 33024,
            "20.000000" : 33024,
            "30.000000" : 33024,
            "40.000000" : 33536,
            "50.000000" : 33536,
            "60.000000" : 33536,
            "70.000000" : 34560,
            "80.000000" : 86528,
            "90.000000" : 88576,
            "95.000000" : 97792,
            "99.000000" : 101888,
            "99.500000" : 126464,
            "99.900000" : 140288,
            "99.950000" : 152576,
            "99.990000" : 179200
          }
        },
        "lat_ns" : {
          "min" : 28712,
          "max" : 560830,
          "mean" : 52964.430091,
          "stddev" : 25900.594727,
          "N" : 21815004
        },
        "bw_min" : 275016,
        "bw_max" : 296627,
        "bw_agg" : 100.000000,
        "bw_mean" : 291084.489149,
        "bw_dev" : 1062.640501,
        "bw_samples" : 2396,
        "iops_min" : 68754,
        "iops_max" : 74156,
        "iops_mean" : 72770.348915,
        "iops_stddev" : 265.618315,
        "iops_samples" : 2396
      },
      "write" : {
        "io_bytes" : 0,
        "io_kbytes" : 0,
        "bw_bytes" : 0,
        "bw" : 0,
        "iops" : 0.000000,
        "runtime" : 0,
        "total_ios" : 0,
        "short_ios" : 0,
        "drop_ios" : 0,
        "slat_ns" : {
          "min" : 0,
          "max" : 0,
          "mean" : 0.000000,
          "stddev" : 0.000000,
          "N" : 0
        },
        "clat_ns" : {
          "min" : 0,
          "max" : 0,
          "mean" : 0.000000,
          "stddev" : 0.000000,
          "N" : 0
        },
        "lat_ns" : {
          "min" : 0,
          "max" : 0,
          "mean" : 0.000000,
          "stddev" : 0.000000,
          "N" : 0
        },
        "bw_min" : 0,
        "bw_max" : 0,
        "bw_agg" : 0.000000,
        "bw_mean" : 0.000000,
        "bw_dev" : 0.000000,
        "bw_samples" : 0,
        "iops_min" : 0,
        "iops_max" : 0,
        "iops_mean" : 0.000000,
        "iops_stddev" : 0.000000,
        "iops_samples" : 0
      },
      "trim" : {
        "io_bytes" : 0,
        "io_kbytes" : 0,
        "bw_bytes" : 0,
        "bw" : 0,
        "iops" : 0.000000,
        "runtime" : 0,
        "total_ios" : 0,
        "short_ios" : 0,
        "drop_ios" : 0,
        "slat_ns" : {
          "min" : 0,
          "max" : 0,
          "mean" : 0.000000,
          "stddev" : 0.000000,
          "N" : 0
        },
        "clat_ns" : {
          "min" : 0,
          "max" : 0,
          "mean" : 0.000000,
          "stddev" : 0.000000,
          "N" : 0
        },
        "lat_ns" : {
          "min" : 0,
          "max" : 0,
          "mean" : 0.000000,
          "stddev" : 0.000000,
          "N" : 0
        },
        "bw_min" : 0,
        "bw_max" : 0,
        "bw_agg" : 0.000000,
        "bw_mean" : 0.000000,
        "bw_dev" : 0.000000,
        "bw_samples" : 0,
        "iops_min" : 0,
        "iops_max" : 0,
        "iops_mean" : 0.000000,
        "iops_stddev" : 0.000000,
        "iops_samples" : 0
      },
      "sync" : {
        "total_ios" : 0,
        "lat_ns" : {
          "min" : 0,
          "max" : 0,
          "mean" : 0.000000,
          "stddev" : 0.000000,
          "N" : 0
        }
      },
      "job_runtime" : 1200000,
      "usr_cpu" : 9.991167,
      "sys_cpu" : 16.440583,
      "ctx" : 21815143,
      "majf" : 0,
      "minf" : 145,
      "iodepth_level" : {
        "1" : 100.000000,
        "2" : 0.000000,
        "4" : 0.000000,
        "8" : 0.000000,
        "16" : 0.000000,
        "32" : 0.000000,
        ">=64" : 0.000000
      },
      "iodepth_submit" : {
        "0" : 0.000000,
        "4" : 100.000000,
        "8" : 0.000000,
        "16" : 0.000000,
        "32" : 0.000000,
        "64" : 0.000000,
        ">=64" : 0.000000
      },
      "iodepth_complete" : {
        "0" : 0.000000,
        "4" : 100.000000,
        "8" : 0.000000,
        "16" : 0.000000,
        "32" : 0.000000,
        "64" : 0.000000,
        ">=64" : 0.000000
      },
      "latency_ns" : {
        "2" : 0.000000,
        "4" : 0.000000,
        "10" : 0.000000,
        "20" : 0.000000,
        "50" : 0.000000,
        "100" : 0.000000,
        "250" : 0.000000,
        "500" : 0.000000,
        "750" : 0.000000,
        "1000" : 0.000000
      },
      "latency_us" : {
        "2" : 0.010000,
        "4" : 0.000000,
        "10" : 0.010000,
        "20" : 0.010000,
        "50" : 74.224882,
        "100" : 24.604492,
        "250" : 1.170479,
        "500" : 0.010000,
        "750" : 0.010000,
        "1000" : 0.000000
      },
      "latency_ms" : {
        "2" : 0.000000,
        "4" : 0.000000,
        "10" : 0.000000,
        "20" : 0.000000,
        "50" : 0.000000,
        "100" : 0.000000,
        "250" : 0.000000,
        "500" : 0.000000,
        "750" : 0.000000,
        "1000" : 0.000000,
        "2000" : 0.000000,
        ">=2000" : 0.000000
      },
      "latency_depth" : 1,
      "latency_target" : 0,
      "latency_percentile" : 100.000000,
      "latency_window" : 0
    }
  ],
  "disk_util" : [
    {
      "name" : "nvme4n2",
      "read_ios" : 11618845,
      "write_ios" : 0,
      "read_merges" : 0,
      "write_merges" : 0,
      "read_ticks" : 489670,
      "write_ticks" : 0,
      "in_queue" : 489670,
      "util" : 100.000000
    },
    {
      "name" : "nvme5n1",
      "read_ios" : 11636164,
      "write_ios" : 0,
      "read_merges" : 0,
      "write_merges" : 0,
      "read_ticks" : 490113,
      "write_ticks" : 0,
      "in_queue" : 490113,
      "util" : 100.000000
    }
  ]
}
