{
  "fio version" : "fio-3.32",
  "timestamp" : 1665495715,
  "timestamp_ms" : 1665495715375,
  "time" : "Tue Oct 11 15:41:55 2022",
  "global options" : {
    "ioengine" : "libaio",
    "group_reporting" : "1",
    "direct" : "1",
    "time_based" : "1",
    "ramp_time" : "20",
    "runtime" : "300",
    "rw" : "read",
    "iodepth" : "1",
    "zonemode" : "zbd",
    "bs" : "4096"
  },
  "jobs" : [
    {
      "jobname" : "nvme4n2",
      "groupid" : 0,
      "error" : 0,
      "eta" : 0,
      "elapsed" : 321,
      "job options" : {
        "size" : "400z",
        "offset_increment" : "400z",
        "numjobs" : "7",
        "filename" : "/dev/nvme5n1"
      },
      "read" : {
        "io_bytes" : 272636649472,
        "io_kbytes" : 266246728,
        "bw_bytes" : 908785802,
        "bw" : 887486,
        "iops" : 221871.527095,
        "runtime" : 300001,
        "total_ios" : 66561680,
        "short_ios" : 0,
        "drop_ios" : 0,
        "slat_ns" : {
          "min" : 3142,
          "max" : 532744,
          "mean" : 5347.676677,
          "stddev" : 1867.486851,
          "N" : 66561682
        },
        "clat_ns" : {
          "min" : 1139,
          "max" : 662841,
          "mean" : 54986.089780,
          "stddev" : 30551.430346,
          "N" : 66561680,
          "percentile" : {
            "1.000000" : 31616,
            "5.000000" : 32384,
            "10.000000" : 33024,
            "20.000000" : 33536,
            "30.000000" : 34048,
            "40.000000" : 35584,
            "50.000000" : 37632,
            "60.000000" : 41216,
            "70.000000" : 53504,
            "80.000000" : 89600,
            "90.000000" : 99840,
            "95.000000" : 110080,
            "99.000000" : 140288,
            "99.500000" : 150528,
            "99.900000" : 195584,
            "99.950000" : 203776,
            "99.990000" : 246784
          }
        },
        "lat_ns" : {
          "min" : 31947,
          "max" : 667387,
          "mean" : 60333.766445,
          "stddev" : 30573.847914,
          "N" : 66561680
        },
        "bw_min" : 821175,
        "bw_max" : 943548,
        "bw_agg" : 100.000000,
        "bw_mean" : 888194.422371,
        "bw_dev" : 1580.510798,
        "bw_samples" : 8386,
        "iops_min" : 205293,
        "iops_max" : 235886,
        "iops_mean" : 222046.454090,
        "iops_stddev" : 395.131833,
        "iops_samples" : 8386
      },
      "write" : {
        "io_bytes" : 0,
        "io_kbytes" : 0,
        "bw_bytes" : 0,
        "bw" : 0,
        "iops" : 0.000000,
        "runtime" : 0,
        "total_ios" : 0,
        "short_ios" : 0,
        "drop_ios" : 0,
        "slat_ns" : {
          "min" : 0,
          "max" : 0,
          "mean" : 0.000000,
          "stddev" : 0.000000,
          "N" : 0
        },
        "clat_ns" : {
          "min" : 0,
          "max" : 0,
          "mean" : 0.000000,
          "stddev" : 0.000000,
          "N" : 0
        },
        "lat_ns" : {
          "min" : 0,
          "max" : 0,
          "mean" : 0.000000,
          "stddev" : 0.000000,
          "N" : 0
        },
        "bw_min" : 0,
        "bw_max" : 0,
        "bw_agg" : 0.000000,
        "bw_mean" : 0.000000,
        "bw_dev" : 0.000000,
        "bw_samples" : 0,
        "iops_min" : 0,
        "iops_max" : 0,
        "iops_mean" : 0.000000,
        "iops_stddev" : 0.000000,
        "iops_samples" : 0
      },
      "trim" : {
        "io_bytes" : 0,
        "io_kbytes" : 0,
        "bw_bytes" : 0,
        "bw" : 0,
        "iops" : 0.000000,
        "runtime" : 0,
        "total_ios" : 0,
        "short_ios" : 0,
        "drop_ios" : 0,
        "slat_ns" : {
          "min" : 0,
          "max" : 0,
          "mean" : 0.000000,
          "stddev" : 0.000000,
          "N" : 0
        },
        "clat_ns" : {
          "min" : 0,
          "max" : 0,
          "mean" : 0.000000,
          "stddev" : 0.000000,
          "N" : 0
        },
        "lat_ns" : {
          "min" : 0,
          "max" : 0,
          "mean" : 0.000000,
          "stddev" : 0.000000,
          "N" : 0
        },
        "bw_min" : 0,
        "bw_max" : 0,
        "bw_agg" : 0.000000,
        "bw_mean" : 0.000000,
        "bw_dev" : 0.000000,
        "bw_samples" : 0,
        "iops_min" : 0,
        "iops_max" : 0,
        "iops_mean" : 0.000000,
        "iops_stddev" : 0.000000,
        "iops_samples" : 0
      },
      "sync" : {
        "total_ios" : 0,
        "lat_ns" : {
          "min" : 0,
          "max" : 0,
          "mean" : 0.000000,
          "stddev" : 0.000000,
          "N" : 0
        }
      },
      "job_runtime" : 4200000,
      "usr_cpu" : 11.071690,
      "sys_cpu" : 16.830952,
      "ctx" : 66578178,
      "majf" : 0,
      "minf" : 525,
      "iodepth_level" : {
        "1" : 100.000000,
        "2" : 0.000000,
        "4" : 0.000000,
        "8" : 0.000000,
        "16" : 0.000000,
        "32" : 0.000000,
        ">=64" : 0.000000
      },
      "iodepth_submit" : {
        "0" : 0.000000,
        "4" : 100.000000,
        "8" : 0.000000,
        "16" : 0.000000,
        "32" : 0.000000,
        "64" : 0.000000,
        ">=64" : 0.000000
      },
      "iodepth_complete" : {
        "0" : 0.000000,
        "4" : 100.000000,
        "8" : 0.000000,
        "16" : 0.000000,
        "32" : 0.000000,
        "64" : 0.000000,
        ">=64" : 0.000000
      },
      "latency_ns" : {
        "2" : 0.000000,
        "4" : 0.000000,
        "10" : 0.000000,
        "20" : 0.000000,
        "50" : 0.000000,
        "100" : 0.000000,
        "250" : 0.000000,
        "500" : 0.000000,
        "750" : 0.000000,
        "1000" : 0.000000
      },
      "latency_us" : {
        "2" : 0.010000,
        "4" : 0.010000,
        "10" : 0.010000,
        "20" : 0.010000,
        "50" : 69.230559,
        "100" : 20.830179,
        "250" : 9.928914,
        "500" : 0.010000,
        "750" : 0.010000,
        "1000" : 0.000000
      },
      "latency_ms" : {
        "2" : 0.000000,
        "4" : 0.000000,
        "10" : 0.000000,
        "20" : 0.000000,
        "50" : 0.000000,
        "100" : 0.000000,
        "250" : 0.000000,
        "500" : 0.000000,
        "750" : 0.000000,
        "1000" : 0.000000,
        "2000" : 0.000000,
        ">=2000" : 0.000000
      },
      "latency_depth" : 1,
      "latency_target" : 0,
      "latency_percentile" : 100.000000,
      "latency_window" : 0
    }
  ],
  "disk_util" : [
    {
      "name" : "nvme4n2",
      "read_ios" : 35482327,
      "write_ios" : 0,
      "read_merges" : 0,
      "write_merges" : 0,
      "read_ticks" : 1637597,
      "write_ticks" : 0,
      "in_queue" : 1637597,
      "util" : 100.000000
    },
    {
      "name" : "nvme5n1",
      "read_ios" : 35396027,
      "write_ios" : 0,
      "read_merges" : 0,
      "write_merges" : 0,
      "read_ticks" : 1640684,
      "write_ticks" : 0,
      "in_queue" : 1640684,
      "util" : 100.000000
    }
  ]
}
