{
  "fio version" : "fio-3.32-39-g0574e",
  "timestamp" : 1664476973,
  "timestamp_ms" : 1664476973184,
  "time" : "Thu Sep 29 18:42:53 2022",
  "global options" : {
    "ioengine" : "libaio",
    "thread" : "1",
    "group_reporting" : "1",
    "direct" : "1",
    "time_based" : "1",
    "ramp_time" : "5",
    "runtime" : "60",
    "size" : "128z",
    "rw" : "read",
    "iodepth" : "1",
    "zonemode" : "zbd",
    "bs" : "4096"
  },
  "jobs" : [
    {
      "jobname" : "nvme4n1",
      "groupid" : 0,
      "error" : 0,
      "eta" : 0,
      "elapsed" : 66,
      "job options" : {
        "offset_increment" : "128z",
        "numjobs" : "3",
        "filename" : "/dev/nvme5n1"
      },
      "read" : {
        "io_bytes" : 19038384128,
        "io_kbytes" : 18592172,
        "bw_bytes" : 317306402,
        "bw" : 309869,
        "iops" : 77467.350000,
        "runtime" : 60000,
        "total_ios" : 4648041,
        "short_ios" : 0,
        "drop_ios" : 0,
        "slat_ns" : {
          "min" : 4068,
          "max" : 2019021,
          "mean" : 32238.187855,
          "stddev" : 35752.893137,
          "N" : 4648043
        },
        "clat_ns" : {
          "min" : 320,
          "max" : 2019040,
          "mean" : 44417.034961,
          "stddev" : 31679.361303,
          "N" : 4648041,
          "percentile" : {
            "1.000000" : 382,
            "5.000000" : 402,
            "10.000000" : 548,
            "20.000000" : 21376,
            "30.000000" : 28032,
            "40.000000" : 33536,
            "50.000000" : 40704,
            "60.000000" : 48384,
            "70.000000" : 58112,
            "80.000000" : 70144,
            "90.000000" : 86528,
            "95.000000" : 100864,
            "99.000000" : 132096,
            "99.500000" : 144384,
            "99.900000" : 173056,
            "99.950000" : 187392,
            "99.990000" : 228352
          }
        },
        "lat_ns" : {
          "min" : 17242,
          "max" : 2119059,
          "mean" : 76655.185783,
          "stddev" : 32410.431906,
          "N" : 4648041
        },
        "bw_min" : 214767,
        "bw_max" : 453260,
        "bw_agg" : 100.000000,
        "bw_mean" : 310034.067227,
        "bw_dev" : 11353.154559,
        "bw_samples" : 714,
        "iops_min" : 53691,
        "iops_max" : 113314,
        "iops_mean" : 77507.899160,
        "iops_stddev" : 2838.280591,
        "iops_samples" : 714
      },
      "write" : {
        "io_bytes" : 0,
        "io_kbytes" : 0,
        "bw_bytes" : 0,
        "bw" : 0,
        "iops" : 0.000000,
        "runtime" : 0,
        "total_ios" : 0,
        "short_ios" : 0,
        "drop_ios" : 0,
        "slat_ns" : {
          "min" : 0,
          "max" : 0,
          "mean" : 0.000000,
          "stddev" : 0.000000,
          "N" : 0
        },
        "clat_ns" : {
          "min" : 0,
          "max" : 0,
          "mean" : 0.000000,
          "stddev" : 0.000000,
          "N" : 0
        },
        "lat_ns" : {
          "min" : 0,
          "max" : 0,
          "mean" : 0.000000,
          "stddev" : 0.000000,
          "N" : 0
        },
        "bw_min" : 0,
        "bw_max" : 0,
        "bw_agg" : 0.000000,
        "bw_mean" : 0.000000,
        "bw_dev" : 0.000000,
        "bw_samples" : 0,
        "iops_min" : 0,
        "iops_max" : 0,
        "iops_mean" : 0.000000,
        "iops_stddev" : 0.000000,
        "iops_samples" : 0
      },
      "trim" : {
        "io_bytes" : 0,
        "io_kbytes" : 0,
        "bw_bytes" : 0,
        "bw" : 0,
        "iops" : 0.000000,
        "runtime" : 0,
        "total_ios" : 0,
        "short_ios" : 0,
        "drop_ios" : 0,
        "slat_ns" : {
          "min" : 0,
          "max" : 0,
          "mean" : 0.000000,
          "stddev" : 0.000000,
          "N" : 0
        },
        "clat_ns" : {
          "min" : 0,
          "max" : 0,
          "mean" : 0.000000,
          "stddev" : 0.000000,
          "N" : 0
        },
        "lat_ns" : {
          "min" : 0,
          "max" : 0,
          "mean" : 0.000000,
          "stddev" : 0.000000,
          "N" : 0
        },
        "bw_min" : 0,
        "bw_max" : 0,
        "bw_agg" : 0.000000,
        "bw_mean" : 0.000000,
        "bw_dev" : 0.000000,
        "bw_samples" : 0,
        "iops_min" : 0,
        "iops_max" : 0,
        "iops_mean" : 0.000000,
        "iops_stddev" : 0.000000,
        "iops_samples" : 0
      },
      "sync" : {
        "total_ios" : 0,
        "lat_ns" : {
          "min" : 0,
          "max" : 0,
          "mean" : 0.000000,
          "stddev" : 0.000000,
          "N" : 0
        }
      },
      "job_runtime" : 360000,
      "usr_cpu" : 3.296111,
      "sys_cpu" : 37.991944,
      "ctx" : 4494883,
      "majf" : 0,
      "minf" : 0,
      "iodepth_level" : {
        "1" : 100.000000,
        "2" : 0.000000,
        "4" : 0.000000,
        "8" : 0.000000,
        "16" : 0.000000,
        "32" : 0.000000,
        ">=64" : 0.000000
      },
      "iodepth_submit" : {
        "0" : 0.000000,
        "4" : 100.000000,
        "8" : 0.000000,
        "16" : 0.000000,
        "32" : 0.000000,
        "64" : 0.000000,
        ">=64" : 0.000000
      },
      "iodepth_complete" : {
        "0" : 0.000000,
        "4" : 100.000000,
        "8" : 0.000000,
        "16" : 0.000000,
        "32" : 0.000000,
        "64" : 0.000000,
        ">=64" : 0.000000
      },
      "latency_ns" : {
        "2" : 0.000000,
        "4" : 0.000000,
        "10" : 0.000000,
        "20" : 0.000000,
        "50" : 0.000000,
        "100" : 0.000000,
        "250" : 0.000000,
        "500" : 7.864130,
        "750" : 8.033384,
        "1000" : 0.969849
      },
      "latency_us" : {
        "2" : 0.355268,
        "4" : 0.010000,
        "10" : 0.068373,
        "20" : 1.704697,
        "50" : 42.734993,
        "100" : 33.062768,
        "250" : 5.198039,
        "500" : 0.010000,
        "750" : 0.010000,
        "1000" : 0.010000
      },
      "latency_ms" : {
        "2" : 0.010000,
        "4" : 0.010000,
        "10" : 0.000000,
        "20" : 0.000000,
        "50" : 0.000000,
        "100" : 0.000000,
        "250" : 0.000000,
        "500" : 0.000000,
        "750" : 0.000000,
        "1000" : 0.000000,
        "2000" : 0.000000,
        ">=2000" : 0.000000
      },
      "latency_depth" : 1,
      "latency_target" : 0,
      "latency_percentile" : 100.000000,
      "latency_window" : 0
    }
  ],
  "disk_util" : [
    {
      "name" : "nvme4n1",
      "read_ios" : 2543178,
      "write_ios" : 0,
      "read_merges" : 0,
      "write_merges" : 0,
      "read_ticks" : 154583,
      "write_ticks" : 0,
      "in_queue" : 154583,
      "util" : 99.898176
    },
    {
      "name" : "nvme5n1",
      "read_ios" : 2468123,
      "write_ios" : 0,
      "read_merges" : 0,
      "write_merges" : 0,
      "read_ticks" : 154381,
      "write_ticks" : 0,
      "in_queue" : 154381,
      "util" : 99.902800
    }
  ]
}
