{
  "fio version" : "fio-3.32-39-g0574e",
  "timestamp" : 1664480429,
  "timestamp_ms" : 1664480429079,
  "time" : "Thu Sep 29 19:40:29 2022",
  "global options" : {
    "ioengine" : "spdk",
    "thread" : "1",
    "group_reporting" : "1",
    "direct" : "1",
    "time_based" : "1",
    "ramp_time" : "5",
    "runtime" : "60",
    "rw" : "read",
    "iodepth" : "1",
    "zonemode" : "zbd",
    "bs" : "4096",
    "initial_zone_reset" : "0"
  },
  "jobs" : [
    {
      "jobname" : "nvme4n1",
      "groupid" : 0,
      "error" : 0,
      "eta" : 0,
      "elapsed" : 66,
      "job options" : {
        "offset_increment" : "128z",
        "numjobs" : "4",
        "filename" : "trtype=PCIe traddr=0000.00.08.0 ns=1"
      },
      "read" : {
        "io_bytes" : 23463919616,
        "io_kbytes" : 22913984,
        "bw_bytes" : 391039257,
        "bw" : 381874,
        "iops" : 95468.568762,
        "runtime" : 60004,
        "total_ios" : 5728496,
        "short_ios" : 0,
        "drop_ios" : 0,
        "slat_ns" : {
          "min" : 170,
          "max" : 16013200,
          "mean" : 648.207006,
          "stddev" : 61985.401982,
          "N" : 5728496
        },
        "clat_ns" : {
          "min" : 11451,
          "max" : 32047311,
          "mean" : 80791.861672,
          "stddev" : 678308.840857,
          "N" : 5728496,
          "percentile" : {
            "1.000000" : 15552,
            "5.000000" : 19584,
            "10.000000" : 22400,
            "20.000000" : 26496,
            "30.000000" : 29824,
            "40.000000" : 33536,
            "50.000000" : 37120,
            "60.000000" : 41216,
            "70.000000" : 45824,
            "80.000000" : 52480,
            "90.000000" : 63744,
            "95.000000" : 75264,
            "99.000000" : 112128,
            "99.500000" : 152576,
            "99.900000" : 11993088,
            "99.950000" : 12124160,
            "99.990000" : 12255232
          }
        },
        "lat_ns" : {
          "min" : 11661,
          "max" : 32047512,
          "mean" : 81440.068677,
          "stddev" : 681119.593995,
          "N" : 5728496
        },
        "bw_min" : 310176,
        "bw_max" : 498488,
        "bw_agg" : 100.000000,
        "bw_mean" : 382227.521008,
        "bw_dev" : 4254.152169,
        "bw_samples" : 952,
        "iops_min" : 77544,
        "iops_max" : 124622,
        "iops_mean" : 95556.756303,
        "iops_stddev" : 1063.540294,
        "iops_samples" : 952
      },
      "write" : {
        "io_bytes" : 0,
        "io_kbytes" : 0,
        "bw_bytes" : 0,
        "bw" : 0,
        "iops" : 0.000000,
        "runtime" : 0,
        "total_ios" : 0,
        "short_ios" : 0,
        "drop_ios" : 0,
        "slat_ns" : {
          "min" : 0,
          "max" : 0,
          "mean" : 0.000000,
          "stddev" : 0.000000,
          "N" : 0
        },
        "clat_ns" : {
          "min" : 0,
          "max" : 0,
          "mean" : 0.000000,
          "stddev" : 0.000000,
          "N" : 0
        },
        "lat_ns" : {
          "min" : 0,
          "max" : 0,
          "mean" : 0.000000,
          "stddev" : 0.000000,
          "N" : 0
        },
        "bw_min" : 0,
        "bw_max" : 0,
        "bw_agg" : 0.000000,
        "bw_mean" : 0.000000,
        "bw_dev" : 0.000000,
        "bw_samples" : 0,
        "iops_min" : 0,
        "iops_max" : 0,
        "iops_mean" : 0.000000,
        "iops_stddev" : 0.000000,
        "iops_samples" : 0
      },
      "trim" : {
        "io_bytes" : 0,
        "io_kbytes" : 0,
        "bw_bytes" : 0,
        "bw" : 0,
        "iops" : 0.000000,
        "runtime" : 0,
        "total_ios" : 0,
        "short_ios" : 0,
        "drop_ios" : 0,
        "slat_ns" : {
          "min" : 0,
          "max" : 0,
          "mean" : 0.000000,
          "stddev" : 0.000000,
          "N" : 0
        },
        "clat_ns" : {
          "min" : 0,
          "max" : 0,
          "mean" : 0.000000,
          "stddev" : 0.000000,
          "N" : 0
        },
        "lat_ns" : {
          "min" : 0,
          "max" : 0,
          "mean" : 0.000000,
          "stddev" : 0.000000,
          "N" : 0
        },
        "bw_min" : 0,
        "bw_max" : 0,
        "bw_agg" : 0.000000,
        "bw_mean" : 0.000000,
        "bw_dev" : 0.000000,
        "bw_samples" : 0,
        "iops_min" : 0,
        "iops_max" : 0,
        "iops_mean" : 0.000000,
        "iops_stddev" : 0.000000,
        "iops_samples" : 0
      },
      "sync" : {
        "total_ios" : 0,
        "lat_ns" : {
          "min" : 0,
          "max" : 0,
          "mean" : 0.000000,
          "stddev" : 0.000000,
          "N" : 0
        }
      },
      "job_runtime" : 480004,
      "usr_cpu" : 49.895626,
      "sys_cpu" : 0.056250,
      "ctx" : 52917,
      "majf" : 0,
      "minf" : 7,
      "iodepth_level" : {
        "1" : 100.000000,
        "2" : 0.000000,
        "4" : 0.000000,
        "8" : 0.000000,
        "16" : 0.000000,
        "32" : 0.000000,
        ">=64" : 0.000000
      },
      "iodepth_submit" : {
        "0" : 0.000000,
        "4" : 100.000000,
        "8" : 0.000000,
        "16" : 0.000000,
        "32" : 0.000000,
        "64" : 0.000000,
        ">=64" : 0.000000
      },
      "iodepth_complete" : {
        "0" : 0.000000,
        "4" : 100.000000,
        "8" : 0.000000,
        "16" : 0.000000,
        "32" : 0.000000,
        "64" : 0.000000,
        ">=64" : 0.000000
      },
      "latency_ns" : {
        "2" : 0.000000,
        "4" : 0.000000,
        "10" : 0.000000,
        "20" : 0.000000,
        "50" : 0.000000,
        "100" : 0.000000,
        "250" : 0.000000,
        "500" : 0.000000,
        "750" : 0.000000,
        "1000" : 0.000000
      },
      "latency_us" : {
        "2" : 0.000000,
        "4" : 0.000000,
        "10" : 0.000000,
        "20" : 5.634166,
        "50" : 70.898574,
        "100" : 21.969833,
        "250" : 1.097845,
        "500" : 0.024788,
        "750" : 0.011888,
        "1000" : 0.010000
      },
      "latency_ms" : {
        "2" : 0.010000,
        "4" : 0.010000,
        "10" : 0.031649,
        "20" : 0.315266,
        "50" : 0.010000,
        "100" : 0.000000,
        "250" : 0.000000,
        "500" : 0.000000,
        "750" : 0.000000,
        "1000" : 0.000000,
        "2000" : 0.000000,
        ">=2000" : 0.000000
      },
      "latency_depth" : 1,
      "latency_target" : 0,
      "latency_percentile" : 100.000000,
      "latency_window" : 0
    }
  ]
}
